frame,is_detected,pos_cx,pos_cy,pos_Z,vel_cx,vel_cy,vel_Z,P_diag_cx,P_diag_cy,P_diag_Z,P_diag_vcx,P_diag_vcy,P_diag_vZ
4,1,833.345,646.45,2.974594721939576,0.0,0.0,-0.005155954920159969,8.257637474541754,8.257637474541754,0.017198753253551555,124.89816700610999,124.89816700610999,199.88903127598752
5,1,822.3184555897383,630.8210088102579,2.769508778322578,-5.815773999993486,-8.243260737501753,-5.710332219423699,4.348768610532677,4.348768610532677,0.013260458307721316,148.76706743810567,148.76706743810567,124.64314246365589
6,1,813.9548632655554,611.4008251209548,2.6338687126003357,-18.511726412129597,-37.99566358934048,-4.3071092028768,3.073305702423333,3.073305702423333,0.00759455493902077,169.9183695480754,169.9183695480754,113.59575086929607
7,1,806.1464036639513,585.9343423433958,2.4514021101207093,-39.480220237750885,-108.55724835234042,-5.362013055201534,2.561465732794176,2.561465732794176,0.006588190645232335,186.25478891923143,186.25478891923143,110.46418779019305
8,0,804.830396322693,582.3157673983178,2.2726683416139917,-39.480220237750885,-108.55724835234042,-5.362013055201534,3.2663256229278073,3.2663256229278073,0.14123803580188207,211.25478891923143,211.25478891923143,210.46418779019305
9,1,794.3140404719866,524.730222592372,2.4193987523619507,-82.67706610948677,-361.9392671802731,0.23479808306747163,2.9610207696654927,2.9610207696654927,0.003429205323578216,204.25000586554614,204.25000586554614,124.44525452398125
10,1,784.9652259191234,467.0113572712609,2.618256117467189,-115.86075435463198,-591.7277772611722,5.753423042697299,2.8237672253044708,2.8237672253044708,0.005969865598690441,196.5439001648617,196.5439001648617,107.88860384295363
11,1,778.5283734145324,408.48068344337213,2.772669043905727,-129.26141536145556,-793.6953401928528,4.728038049290896,2.7642718884755895,2.7642718884755895,0.010340820981443918,188.35211925035617,188.35211925035617,112.25933117823388
12,0,774.2196595691506,382.0241721036104,2.9302703122154234,-129.26141536145556,-793.6953401928528,4.728038049290896,3.9326602209204067,3.9326602209204067,0.15399043035120635,213.35211925035617,213.35211925035617,212.25933117823388
13,1,772.0994317831787,315.12636878892386,2.695984230179727,-118.30327131393722,-996.1921763154807,-1.881276435448374,3.4319895903865376,3.4319895903865376,0.015911517628105932,185.31519547661188,185.31519547661188,129.5622873047836
14,1,771.53935452866,260.246889076423,2.7329853033297136,-101.77963754789877,-1102.038847207028,0.6917496415171245,3.123423224342558,3.123423224342558,0.008224574380465945,170.7192569821178,170.7192569821178,116.66891222954759
15,1,772.9536897136675,216.10368896624604,2.655550735133997,-78.5278881517809,-1137.8746331661234,-2.0196045340156217,2.9235052516120716,2.9235052516120716,0.00968823865012276,162.80989208926013,162.80989208926013,113.06883363428328
16,1,776.0293702919081,181.94664137237368,2.5934175575468728,-51.000587142527976,-1119.6362928749884,-1.8827415666558283,2.7917485298083706,2.7917485298083706,0.00764562159044812,158.46138935071335,158.46138935071335,112.04728485460063
17,1,779.3085596197656,156.63024053742424,2.6325088556015848,-26.82316044456361,-1061.3448265516593,0.8711572805255692,2.705168951566907,2.705168951566907,0.007002142042372995,156.05169666758323,156.05169666758323,110.72382987789203
18,1,782.7165858079208,139.93994730903984,2.607038954108014,-5.809982378188401,-970.0664712906895,-0.6114836428754191,2.6491781111918864,2.6491781111918864,0.008465813324929471,154.6878671079811,154.6878671079811,111.44713281714778
19,1,786.7797363809249,131.80878650051463,2.7149470830055784,15.101265441789419,-851.1644837146462,2.81648213478426,2.6138459475707534,2.6138459475707534,0.007614830305198603,153.87058066696477,153.87058066696477,111.46780235039657
20,1,791.0869809259157,132.6386754670056,2.8577873015590054,33.87524355020004,-707.0379573477902,4.139408495551967,2.592194391433362,2.592194391433362,0.010365710386600143,153.32667461110117,153.32667461110117,113.13597207234268
21,1,794.7765103732821,141.53120040724818,2.9002932479882713,46.55470110100565,-546.286405704061,1.6398558408410309,2.579314258858414,2.579314258858414,0.013212204708546236,152.91529783572048,152.91529783572048,116.12724911607081
22,1,797.1918000137632,159.6824983508998,2.901693692807536,50.84005329755798,-365.8288343233583,0.28117585940814616,2.5718248720676464,2.5718248720676464,0.012629563667512816,152.57116882406635,152.57116882406635,116.77653578792658
23,1,798.6692397815502,186.3076479512193,3.0952360740984153,49.760669769865295,-172.93962021730837,5.01831296083885,2.567483999071963,2.567483999071963,0.011941226128639884,152.26934193228962,152.26934193228962,116.26746043930244
24,0,800.3279287738791,180.5429939439757,3.2625131727930436,49.760669769865295,-172.93962021730837,5.01831296083885,3.587173724697982,3.587173724697982,0.16160376270136054,177.26934193228962,177.26934193228962,216.26746043930245
25,0,801.9866177662079,174.77833993673207,3.429790271487672,49.760669769865295,-172.93962021730837,5.01831296083885,4.973017543506867,4.973017543506867,0.6807495446947532,202.26934193228962,202.26934193228962,316.26746043930245
26,0,803.6453067585368,169.01368592948845,3.5970673701823004,49.760669769865295,-172.93962021730837,5.01831296083885,6.780571011054173,6.780571011054173,1.7916007943310404,227.26934193228962,227.26934193228962,416.26746043930245
27,0,805.3039957508656,163.24903192224482,3.7643444688769288,49.760669769865295,-172.93962021730837,5.01831296083885,9.065389682895455,9.065389682895455,3.716379733832444,252.26934193228962,252.26934193228962,516.2674604393025
28,1,800.5965784279313,368.79898462426536,2.5381266888477545,24.865745754188822,653.4149546060617,-6.046153301589483,5.121252354936213,5.121252354936213,0.042580492117011905,173.86597878175513,173.86597878175513,197.9814758666601
29,0,801.4254366197375,390.5794831111341,2.3365882454614386,24.865745754188822,653.4149546060617,-6.046153301589483,6.649561491264127,6.649561491264127,0.28509942176348,198.86597878175513,198.86597878175513,297.9814758666601
30,1,808.2913166421747,513.3815404413555,2.8294615843744952,47.66702927889634,1034.9642134820178,4.814129018801408,4.39563889335544,4.39563889335544,0.003713952380690467,164.00445946226398,164.00445946226398,135.04782718741842
31,1,819.3083335785518,585.6259186528602,3.2654545400700896,84.26845004582667,1181.4984240870735,12.783531333520163,3.484040313450678,3.484040313450678,0.013138714002910482,155.83859539776125,155.83859539776125,114.1526800821951
32,0,822.1172819134127,625.0091994557627,3.6915722511874285,84.26845004582667,1181.4984240870735,12.783531333520163,4.558900269648124,4.558900269648124,0.16531061902236308,180.83859539776125,180.83859539776125,214.1526800821951
33,0,824.9262302482737,664.392480258665,4.117689962304767,84.26845004582667,1181.4984240870735,12.783531333520163,6.007845993396151,6.007845993396151,0.6822662575578047,205.83859539776125,205.83859539776125,314.1526800821951
34,0,827.7351785831346,703.7757610615674,4.543807673422106,84.26845004582667,1181.4984240870735,12.783531333520163,7.8864330402503136,7.8864330402503136,1.7862278518314576,230.83859539776125,230.83859539776125,414.1526800821951
35,1,868.2889263761242,694.470239035941,3.4786490480872287,228.99945427012113,994.803053360072,-1.5673818200830851,4.792255217484185,4.792255217484185,0.10627776060516701,175.5896388557819,175.5896388557819,181.40353989086083
36,1,892.3952740344488,691.911464568167,3.7649673914743014,293.24517690560504,855.4974935638998,4.797945102223431,3.675397399975479,3.675397399975479,0.023195497345350632,162.00070915994257,162.00070915994257,156.68896982319802
37,1,912.1049080533066,690.0442285767025,3.8349110788480285,333.9966530280835,730.8662852380411,2.5482991921321245,3.135115995645507,3.135115995645507,0.035825530154967505,158.8028142125567,158.8028142125567,137.605486626766
38,1,930.181127413452,687.38346857597,4.062789454635102,364.22977685347513,613.1953841040934,5.70267646963079,2.8491404436844396,2.8491404436844396,0.03617690554035674,158.77839996423506,158.77839996423506,134.2340688847369
39,1,947.25246999891,680.4620960981207,4.347489396508049,386.87980591491237,487.49793994652623,7.7939186859603184,2.6978036164093715,2.6978036164093715,0.047090385292994454,159.40530082916126,159.40530082916126,140.6920171028067
40,1,962.7132642619194,670.9775714743901,4.555214454471192,399.1503897370723,364.3785120260434,6.700082228439982,2.6226337492022735,2.6226337492022735,0.06234491732292815,159.71893690674176,159.71893690674176,147.82435973106672
41,1,978.1785784311871,657.2839836210461,4.639728975680656,409.76674016639754,237.3954802949827,3.941759923604976,2.590039789395296,2.590039789395296,0.07205111872951685,159.44462013833206,159.44462013833206,152.3415970698059
42,1,992.569040018468,641.2362913790338,4.689211924404627,413.41736675571445,117.82773232816658,2.358437547221226,2.5794531866447263,2.5794531866447263,0.07283554943409168,158.63949087021297,158.63949087021297,153.72354439582858
43,1,1005.0304050939558,625.060642423369,4.557130195553411,406.7882313318637,16.80764067578457,-1.7194067135351832,2.578481428876082,2.578481428876082,0.07271237801219045,157.49539226784592,157.49539226784592,154.53821362101309
44,1,1016.1703247061512,606.7247393681,4.7309739121009615,394.60919226437755,-78.30256939755745,2.7627843668400027,2.5802322097015438,2.5802322097015438,0.06040164899323527,156.22264213213558,156.22264213213558,150.0761542042278
45,1,1026.5148124996667,589.5799060205765,4.743972873909972,380.4885954568383,-151.3635200820973,1.1630070908837657,2.5814232501189465,2.5814232501189465,0.07363683720908507,154.9904044326334,154.9904044326334,155.3292514499048
46,1,1036.068285007085,573.3275437524758,4.6538535253809945,364.7990207111187,-207.5490970151953,-1.3239527073894362,2.580952152017359,2.580952152017359,0.07380008834290583,153.90683091240518,153.90683091240518,154.16124584272032
47,1,1046.0066295937725,557.1040471884318,4.848967505867838,353.69288025444473,-254.06679816635744,3.2936605547003817,2.5788667766926685,2.5788667766926685,0.0654064086826204,153.0228052951253,153.0228052951253,151.86075902304765
48,1,1055.4964733318361,541.5290621163596,4.868730542031378,342.22452064267964,-289.50074972045815,1.504908659132552,2.5756918952067367,2.5756918952067367,0.08088453877069961,152.34611702706718,152.34611702706718,158.13119881589796
49,0,1066.9039573532589,531.8790371256777,4.918894164002463,342.22452064267964,-289.50074972045815,1.504908659132552,3.6011973015615437,3.6011973015615437,0.36372746407603074,177.34611702706718,177.34611702706718,258.13119881589796
50,1,1073.1566256461217,519.1945890288205,5.377602580003106,317.61903611119095,-303.9849630721247,7.208091658963539,3.211402749908132,3.211402749908132,0.0995319743782669,161.75287210772856,161.75287210772856,161.39511234067066
51,1,1079.4243495530698,507.9672132629813,5.913564937333849,297.3372189747386,-309.12420075779164,12.596203162915165,2.96110993042308,2.96110993042308,0.12063341077009991,154.74305717090638,154.74305717090638,178.10058948527637
52,1,1085.1666449818456,496.7450524541266,5.481943279306064,277.763955101392,-313.43432290151924,-2.297950359181394,2.7978266664086426,2.7978266664086426,0.17807816255544653,151.92211463092036,151.92211463092036,190.29250191195163
53,1,1091.2897600104848,487.1193538785585,5.251238002192766,262.9112907615529,-309.54025754904274,-4.738679719416355,2.6927439962297517,2.6927439962297517,0.12186322163137141,151.12958298910348,151.12958298910348,171.06596791590067
54,0,1100.0534697025366,476.80134529359043,5.093282011545554,262.9112907615529,-309.54025754904274,-4.738679719416355,3.71097315063485,3.71097315063485,0.44060697754035527,176.12958298910348,176.12958298910348,271.06596791590067
55,0,1108.8171793945885,466.48333670862235,4.9353260208983425,262.9112907615529,-309.54025754904274,-4.738679719416355,5.09282360057129,5.09282360057129,1.2506084399291184,201.12958298910348,201.12958298910348,371.06596791590067
56,1,1110.7143474487023,461.9122841619429,5.5338943235720395,232.66401945414302,-284.2247861447113,3.179929710117367,3.903689451882722,3.903689451882722,0.0903800769339493,168.10781930452185,168.10781930452185,177.03868337765232
57,0,1118.4698147638403,452.4381246237859,5.6398919805759515,232.66401945414302,-284.2247861447113,3.179929710117367,5.236865276272064,5.236865276272064,0.35015749755404646,193.10781930452185,193.10781930452185,277.0386833776523
58,0,1126.2252820789784,442.96396508562884,5.745889637579864,232.66401945414302,-284.2247861447113,3.179929710117367,6.97139181022701,6.97139181022701,1.1144653256800376,218.10781930452185,218.10781930452185,377.0386833776523
59,0,1133.9807493941164,433.4898055474718,5.851887294583776,232.66401945414302,-284.2247861447113,3.179929710117367,9.162824609303115,9.162824609303115,2.605525783534145,243.10781930452185,243.10781930452185,477.0386833776523
60,1,1128.945660087544,438.7671278983285,6.299051365027992,184.58084783084223,-228.76996456458488,6.192352727736341,5.118220640683599,5.118220640683599,0.21629299610880984,172.73722581914433,172.73722581914433,200.5250635469405
61,0,1135.0983550152387,431.1414624128424,6.5054631226192035,184.58084783084223,-228.76996456458488,6.192352727736341,6.592869534472225,6.592869534472225,0.5664198696867129,197.73722581914433,197.73722581914433,300.5250635469405
62,1,1135.7131124972811,432.407311991881,6.7629516199249,163.94871996996045,-195.6437551249577,6.837594120776062,4.365909159474444,4.365909159474444,0.2918714362339067,165.64502339254483,165.64502339254483,211.98909580322174
63,1,1137.6482906544343,429.4121971153621,7.041920417352935,150.2995944597369,-182.0079143606462,7.547546649653541,3.4650709655372123,3.4650709655372123,0.2756589934817317,158.20906074869907,158.20906074869907,215.75371471784842
64,1,1140.9419076030283,425.839356491433,7.015441818661889,143.23119091032873,-171.73668008452307,3.5709919047390644,3.015125941703799,3.015125941703799,0.30604709983432343,157.44721488233643,157.44721488233643,220.67123835065138
65,1,1143.7961293676271,421.59634580232034,6.528344227959847,134.78892418651614,-165.22281790874584,-4.864628025696887,2.7777820050436652,2.7777820050436652,0.29955831266065813,158.4755415905122,158.4755415905122,215.4094487269102
66,1,1146.6529407938842,418.7792233465432,6.322083332313887,127.19210352194939,-152.7314636530049,-5.4774564779298345,2.656047269148017,2.656047269148017,0.21650808914560038,159.50224623216482,159.50224623216482,199.5161320235328
67,1,1149.7004287679263,415.64994256155916,6.644220074296507,121.43571641680609,-143.25970243722074,2.154678253225052,2.5995827163265863,2.5995827163265863,0.18215234576257258,159.88921060145364,159.88921060145364,195.111917907598
68,1,1152.74887001626,412.73558678574176,6.810471912369347,116.49091705844135,-134.05221336043186,3.6553355697754863,2.5785568433659156,2.5785568433659156,0.22436031838197873,159.54226927780718,159.54226927780718,204.64499681834263
69,0,1156.6319005848748,408.26717967372736,6.932316431361863,116.49091705844135,-134.05221336043186,3.6553355697754863,3.6063525165173806,3.6063525165173806,0.6894440259378796,184.54226927780718,184.54226927780718,304.64499681834263
70,1,1160.0138986146953,406.05933763387264,6.819656914876477,114.07114372259082,-123.13464880717619,0.8553305244168823,3.221081863853046,3.221081863853046,0.35298411561156545,167.66537228923596,167.66537228923596,209.6967405031119
71,1,1163.2836164825471,403.02101950352494,7.183364502374004,111.5369586881169,-118.0621729527674,5.187407083108861,2.9752196041336703,2.9752196041336703,0.27110647361920864,159.40831947531834,159.40831947531834,210.17188216066745
72,1,1166.5271978556384,399.77038348894916,7.59793806468265,109.28248833599432,-114.80740391143155,8.627765346021778,2.81491112958589,2.81491112958589,0.3068793147913371,155.46591220843285,155.46591220843285,222.7512115356959
73,0,1170.1699474668383,395.9434700252348,7.885530242883377,109.28248833599432,-114.80740391143155,8.627765346021778,3.8796185478144434,3.8796185478144434,0.845636921115337,180.46591220843285,180.46591220843285,322.7512115356959
74,0,1173.8126970780381,392.1165565615204,8.173122421084102,109.28248833599432,-114.80740391143155,8.627765346021778,5.317583548728403,5.317583548728403,1.9905083308519944,205.46591220843285,205.46591220843285,422.7512115356959
75,0,1177.455446689238,388.289643097806,8.460714599284827,109.28248833599432,-114.80740391143155,8.627765346021778,7.1843616878833245,7.1843616878833245,3.9637157662235323,230.46591220843285,230.46591220843285,522.7512115356959
76,1,1177.0890217129786,384.9243263154017,7.851723411591323,92.83952608495954,-112.9142419549215,1.690019430092505,4.630009292221344,4.630009292221344,0.9132119102330617,172.95081920096038,172.95081920096038,259.0460321065625
77,0,1180.1836725824774,381.16051825023766,7.908057392594406,92.83952608495954,-112.9142419549215,1.690019430092505,6.088124366169262,6.088124366169262,1.6721353209383758,197.95081920096038,197.95081920096038,359.0460321065625
78,0,1183.2783234519761,377.39671018507363,7.96439137359749,92.83952608495954,-112.9142419549215,1.690019430092505,7.958352371674868,7.958352371674868,3.1178276918804952,222.95081920096038,222.95081920096038,459.0460321065625
79,1,1184.2050195527866,375.2427896602194,7.532502660480423,84.67319317568297,-106.8500575030379,-2.1435820845785223,4.80229294462073,4.80229294462073,0.6536092270975155,169.9967307757745,169.9967307757745,261.9299866648426
80,0,1187.0274593253093,371.6811210767848,7.4610499243278054,84.67319317568297,-106.8500575030379,-2.1435820845785223,6.197141950222678,6.197141950222678,1.28679205418606,194.9967307757745,194.9967307757745,361.9299866648426
81,1,1189.522941017215,373.8740668685075,7.116745373770812,83.43626112609047,-85.07947779983476,-4.850804702233699,4.23460432562455,4.23460432562455,0.44393854939404004,166.1407124755065,166.1407124755065,248.38141942957083
82,1,1191.956010189979,373.1920752188067,7.427756412771534,82.06849030010095,-76.61687672732432,1.064778220713663,3.40886333307767,3.40886333307767,0.29678323298117204,159.06036502395818,159.06036502395818,236.12692186693488
83,1,1194.5864218990703,373.11749812153477,7.512986474444719,81.62932574781605,-66.26724778000053,1.7790092893300882,2.9904054416866623,2.9904054416866623,0.32930488491775445,158.13052780046522,158.13052780046522,237.67292734627205
84,0,1197.3073994239974,370.90858986220144,7.572286784089055,81.62932574781605,-66.26724778000053,1.7790092893300882,3.998312756391573,3.998312756391573,0.9086409990077131,183.13052780046522,183.13052780046522,337.67292734627205
85,1,1200.2405011465469,370.7719145827088,7.19466143225741,82.5690813103736,-57.08681248998238,-3.1313631375155815,3.369290703896902,3.369290703896902,0.47307039033389214,168.56078327368843,168.56078327368843,228.7449989905948
86,1,1202.4846888870613,369.97102399283085,7.622227804390489,80.27555840917677,-52.11260461532555,3.232982066375415,3.0228867461207405,3.0228867461207405,0.31941842796318404,162.4124760340004,162.4124760340004,219.63304845145888
87,0,1205.160540834034,368.23393717232,7.729993873269669,80.27555840917677,-52.11260461532555,3.232982066375415,4.112989574451916,4.112989574451916,0.8182294317817006,187.4124760340004,187.4124760340004,319.6330484514589
88,1,1206.8663259260666,367.07862757168544,7.913952495599879,75.88554368305526,-49.47978549613546,4.099676003184178,3.4489320503590224,3.4489320503590224,0.5001580589330238,168.5269452883175,168.5269452883175,236.40572388565607
89,0,1209.395844048835,365.42930138848095,8.050608362372685,75.88554368305526,-49.47978549613546,4.099676003184178,4.676721601102896,4.676721601102896,1.1421192070272004,193.5269452883175,193.5269452883175,336.4057238856561
90,1,1210.9590125205357,362.95181362674043,7.902523038233018,71.64484669123995,-53.11406250027585,1.184310576271642,3.708231916124113,3.708231916124113,0.60457736378086,168.48446021142615,168.48446021142615,246.0387003835005
91,1,1212.516366428987,361.127430170146,8.187557556888095,67.99331809539954,-53.35102600599767,3.922445524528915,3.2061366710729895,3.2061366710729895,0.4595015622776366,159.2120807897063,159.2120807897063,242.69872501376523
92,0,1214.7828103655004,359.34906263661276,8.318305741039058,67.99331809539954,-53.35102600599767,3.922445524528915,4.322470211285607,4.322470211285607,1.0707507018204112,184.2120807897063,184.2120807897063,342.6987250137652
93,1,1216.046126163678,355.3043793994744,8.793136168699425,63.59174934373799,-63.29526343805604,7.556901824270366,3.534555364320233,3.534555364320233,0.6566606006922924,165.20260128677802,165.20260128677802,255.72886461272142
94,1,1218.0999021067794,351.6310733985916,9.001991454844873,63.30009144326493,-70.20964200898186,7.0826762960594385,3.1099699462250943,3.1099699462250943,0.6469671921497898,158.08630370397248,158.08630370397248,263.9253145161754
95,1,1219.6290142460507,349.51174011462825,8.553404401984071,60.67061783327657,-69.20931232368945,-0.6209548349070015,2.864816379927712,2.864816379927712,0.6793277150942535,155.67595940674528,155.67595940674528,270.7374362176019
96,0,1221.6513681738265,347.2047630371719,8.532705907487172,60.67061783327657,-69.20931232368945,-0.6209548349070015,3.9023190722017853,3.9023190722017853,1.4897105538186688,180.67595940674528,180.67595940674528,370.7374362176019
97,0,1223.6737221016024,344.8977859597156,8.512007412990272,60.67061783327657,-69.20931232368945,-0.6209548349070015,5.313546118713071,5.313546118713071,3.012843250804422,205.67595940674528,205.67595940674528,470.7374362176019
98,0,1225.6960760293782,342.59080888225924,8.491308918493372,60.67061783327657,-69.20931232368945,-0.6209548349070015,7.1540530750171225,7.1540530750171225,5.470948028273734,230.67595940674528,230.67595940674528,570.737436217602
99,0,1227.718429957154,340.2838318048029,8.470610423996472,60.67061783327657,-69.20931232368945,-0.6209548349070015,9.479395496669497,9.479395496669497,9.086247108448829,255.67595940674528,255.67595940674528,670.737436217602
100,0,1229.74078388493,337.97685472734656,8.449911929499573,60.67061783327657,-69.20931232368945,-0.6209548349070015,12.34512893922575,12.34512893922575,14.080962713551926,280.6759594067453,280.6759594067453,770.737436217602
101,0,1231.7631378127057,335.6698776498902,8.429213435002673,60.67061783327657,-69.20931232368945,-0.6209548349070015,15.806808958241438,15.806808958241438,20.67731706580525,305.6759594067453,305.6759594067453,870.737436217602
102,0,1233.7854917404816,333.3629005724339,8.408514940505773,60.67061783327657,-69.20931232368945,-0.6209548349070015,19.919991109272114,19.919991109272114,29.097532387431027,330.6759594067453,330.6759594067453,970.737436217602
103,0,1235.8078456682574,331.05592349497755,8.387816446008873,60.67061783327657,-69.20931232368945,-0.6209548349070015,24.740230947873336,24.740230947873336,39.56383090065147,355.6759594067453,355.6759594067453,1070.737436217602
104,0,1237.8301995960333,328.7489464175212,8.367117951511974,60.67061783327657,-69.20931232368945,-0.6209548349070015,30.323084029600658,30.323084029600658,52.2984348276888,380.6759594067453,380.6759594067453,1170.737436217602
105,0,1239.852553523809,326.4419693400649,8.346419457015074,60.67061783327657,-69.20931232368945,-0.6209548349070015,36.72410591000964,36.72410591000964,67.52356639076525,405.6759594067453,405.6759594067453,1270.737436217602
106,0,1241.874907451585,324.13499226260853,8.325720962518174,60.67061783327657,-69.20931232368945,-0.6209548349070015,43.998852144655835,43.998852144655835,85.46144781210305,430.6759594067453,430.6759594067453,1370.737436217602
107,0,1243.8972613793608,321.8280151851522,8.305022468021274,60.67061783327657,-69.20931232368945,-0.6209548349070015,52.20287828909479,52.20287828909479,106.33430131392439,455.6759594067453,455.6759594067453,1470.737436217602
108,0,1245.9196153071366,319.52103810769586,8.284323973524375,60.67061783327657,-69.20931232368945,-0.6209548349070015,61.391739898882065,61.391739898882065,130.3643491184515,480.6759594067453,480.6759594067453,1570.737436217602
109,0,1247.9419692349124,317.2140610302395,8.263625479027475,60.67061783327657,-69.20931232368945,-0.6209548349070015,71.62099252957321,71.62099252957321,157.77381344790666,505.6759594067453,505.6759594067453,1670.737436217602
110,0,1249.9643231626883,314.9070839527832,8.242926984530575,60.67061783327657,-69.20931232368945,-0.6209548349070015,82.9461917367238,82.9461917367238,188.78491652451203,530.6759594067453,530.6759594067453,1770.737436217602
111,0,1251.9866770904641,312.60010687532684,8.222228490033675,60.67061783327657,-69.20931232368945,-0.6209548349070015,95.42289307588939,95.42289307588939,223.61988057048984,555.6759594067453,555.6759594067453,1870.737436217602
112,0,1254.00903101824,310.2931297978705,8.201529995536776,60.67061783327657,-69.20931232368945,-0.6209548349070015,109.10665210262552,109.10665210262552,262.50092780806233,580.6759594067453,580.6759594067453,1970.737436217602
113,0,1256.0313849460158,307.98615272041417,8.180831501039876,60.67061783327657,-69.20931232368945,-0.6209548349070015,124.05302437248774,124.05302437248774,305.6502804594517,605.6759594067453,605.6759594067453,2070.737436217602
114,0,1258.0537388737916,305.67917564295783,8.160133006542976,60.67061783327657,-69.20931232368945,-0.6209548349070015,140.31756544103163,140.31756544103163,353.2901607468802,630.6759594067453,630.6759594067453,2170.737436217602
115,0,1260.0760928015675,303.3721985655015,8.139434512046076,60.67061783327657,-69.20931232368945,-0.6209548349070015,157.9558308638127,157.9558308638127,405.64279089257,655.6759594067453,655.6759594067453,2270.737436217602
116,0,1262.0984467293433,301.06522148804515,8.118736017549177,60.67061783327657,-69.20931232368945,-0.6209548349070015,177.02337619638658,177.02337619638658,462.93039311874344,680.6759594067453,680.6759594067453,2370.737436217602
117,0,1264.1208006571192,298.7582444105888,8.098037523052277,60.67061783327657,-69.20931232368945,-0.6209548349070015,197.57575699430876,197.57575699430876,525.3751896476226,705.6759594067453,705.6759594067453,2470.737436217602
118,0,1266.143154584895,296.4512673331325,8.077339028555377,60.67061783327657,-69.20931232368945,-0.6209548349070015,219.66852881313483,219.66852881313483,593.1994027014298,730.6759594067453,730.6759594067453,2570.737436217602
119,0,1268.1655085126708,294.14429025567614,8.056640534058477,60.67061783327657,-69.20931232368945,-0.6209548349070015,243.35724720842032,243.35724720842032,666.6252545023872,755.6759594067453,755.6759594067453,2670.737436217602
120,0,1270.1878624404467,291.8373131782198,8.035942039561577,60.67061783327657,-69.20931232368945,-0.6209548349070015,268.6974677357208,268.6974677357208,745.874967272717,780.6759594067453,780.6759594067453,2770.737436217602
121,0,1272.2102163682225,289.53033610076346,8.015243545064678,60.67061783327657,-69.20931232368945,-0.6209548349070015,295.74474595059183,295.74474595059183,831.1707632346414,805.6759594067453,805.6759594067453,2870.737436217602
122,0,1274.2325702959984,287.2233590233071,7.994545050567778,60.67061783327657,-69.20931232368945,-0.6209548349070015,324.554637408589,324.554637408589,922.7348646103828,830.6759594067453,830.6759594067453,2970.737436217602
123,0,1276.2549242237742,284.9163819458508,7.973846556070878,60.67061783327657,-69.20931232368945,-0.6209548349070015,355.18269766526777,355.18269766526777,1020.7894936221634,855.6759594067453,855.6759594067453,3070.737436217602
124,0,1278.27727815155,282.60940486839445,7.9531480615739785,60.67061783327657,-69.20931232368945,-0.6209548349070015,387.68448227618376,387.68448227618376,1125.5568724922052,880.6759594067453,880.6759594067453,3170.737436217602
125,0,1280.2996320793259,280.3024277909381,7.932449567077079,60.67061783327657,-69.20931232368945,-0.6209548349070015,422.11554679689254,422.11554679689254,1237.2592234427307,905.6759594067453,905.6759594067453,3270.737436217602
126,0,1282.3219860071017,277.9954507134818,7.911751072580179,60.67061783327657,-69.20931232368945,-0.6209548349070015,458.5314467829497,458.5314467829497,1356.118768695962,930.6759594067453,930.6759594067453,3370.737436217602
127,0,1284.3443399348776,275.68847363602544,7.891052578083279,60.67061783327657,-69.20931232368945,-0.6209548349070015,496.9877377899107,496.9877377899107,1482.3577304741214,955.6759594067453,955.6759594067453,3470.737436217602
128,0,1286.3666938626534,273.3814965585691,7.8703540835863794,60.67061783327657,-69.20931232368945,-0.6209548349070015,537.539975373331,537.539975373331,1616.198330999431,980.6759594067453,980.6759594067453,3570.737436217602
129,0,1288.3890477904292,271.07451948111276,7.84965558908948,60.67061783327657,-69.20931232368945,-0.6209548349070015,580.2437150887664,580.2437150887664,1757.862792494113,1005.6759594067453,1005.6759594067453,3670.737436217602
130,0,1290.411401718205,268.7675424036564,7.82895709459258,60.67061783327657,-69.20931232368945,-0.6209548349070015,625.1545124917724,625.1545124917724,1907.5733371803894,1030.6759594067453,1030.6759594067453,3770.737436217602
131,0,1292.433755645981,266.4605653262001,7.80825860009568,60.67061783327657,-69.20931232368945,-0.6209548349070015,672.3279231379043,672.3279231379043,2065.552187280483,1055.6759594067453,1055.6759594067453,3870.737436217602
132,0,1294.4561095737567,264.15358824874374,7.78756010559878,60.67061783327657,-69.20931232368945,-0.6209548349070015,721.819502582718,721.819502582718,2232.0215650166156,1080.6759594067453,1080.6759594067453,3970.737436217602
133,0,1296.4784635015326,261.8466111712874,7.766861611101881,60.67061783327657,-69.20931232368945,-0.6209548349070015,773.6848063817689,773.6848063817689,2407.2036926110095,1105.6759594067453,1105.6759594067453,4070.737436217602
134,0,1298.5008174293084,259.53963409383107,7.746163116604981,60.67061783327657,-69.20931232368945,-0.6209548349070015,827.9793900906126,827.9793900906126,2591.320792285887,1130.6759594067453,1130.6759594067453,4170.7374362176015
135,0,1300.5231713570843,257.23265701637473,7.725464622108081,60.67061783327657,-69.20931232368945,-0.6209548349070015,884.7588092648045,884.7588092648045,2784.59508626347,1155.6759594067453,1155.6759594067453,4270.7374362176015
136,0,1302.54552528486,254.92567993891842,7.704766127611181,60.67061783327657,-69.20931232368945,-0.6209548349070015,944.0786194599004,944.0786194599004,2987.2487967659813,1180.6759594067453,1180.6759594067453,4370.7374362176015
137,0,1304.567879212636,252.6187028614621,7.684067633114282,60.67061783327657,-69.20931232368945,-0.6209548349070015,1005.9943762314558,1005.9943762314558,3199.504146015643,1205.6759594067453,1205.6759594067453,4470.7374362176015
138,0,1306.5902331404118,250.3117257840058,7.663369138617382,60.67061783327657,-69.20931232368945,-0.6209548349070015,1070.561635135026,1070.561635135026,3421.583356234677,1230.6759594067453,1230.6759594067453,4570.7374362176015
139,0,1308.6125870681876,248.0047487065495,7.642670644120482,60.67061783327657,-69.20931232368945,-0.6209548349070015,1137.835951726167,1137.835951726167,3653.7086496453053,1255.6759594067453,1255.6759594067453,4670.7374362176015
140,0,1310.6349409959635,245.69777162909318,7.621972149623582,60.67061783327657,-69.20931232368945,-0.6209548349070015,1207.8728815604338,1207.8728815604338,3896.1022484697505,1280.6759594067453,1280.6759594067453,4770.7374362176015
141,0,1312.6572949237393,243.39079455163687,7.601273655126683,60.67061783327657,-69.20931232368945,-0.6209548349070015,1280.7279801933823,1280.7279801933823,4148.986374930235,1305.6759594067453,1305.6759594067453,4870.7374362176015
142,0,1314.6796488515151,241.08381747418056,7.580575160629783,60.67061783327657,-69.20931232368945,-0.6209548349070015,1356.4568031805682,1356.4568031805682,4412.5832512489815,1330.6759594067453,1330.6759594067453,4970.7374362176015
143,0,1316.702002779291,238.77684039672425,7.559876666132883,60.67061783327657,-69.20931232368945,-0.6209548349070015,1435.1149060775467,1435.1149060775467,4687.115099648211,1355.6759594067453,1355.6759594067453,5070.7374362176015
144,0,1318.7243567070668,236.46986331926794,7.539178171635983,60.67061783327657,-69.20931232368945,-0.6209548349070015,1516.7578444398737,1516.7578444398737,4972.804142350146,1380.6759594067453,1380.6759594067453,5170.7374362176015
145,0,1320.7467106348427,234.16288624181163,7.518479677139084,60.67061783327657,-69.20931232368945,-0.6209548349070015,1601.4411738231042,1601.4411738231042,5269.87260157701,1405.6759594067453,1405.6759594067453,5270.7374362176015
146,0,1322.7690645626185,231.85590916435532,7.497781182642184,60.67061783327657,-69.20931232368945,-0.6209548349070015,1689.2204497827943,1689.2204497827943,5578.542699551023,1430.6759594067453,1430.6759594067453,5370.7374362176015
147,0,1324.7914184903943,229.54893208689901,7.477082688145284,60.67061783327657,-69.20931232368945,-0.6209548349070015,1780.1512278744995,1780.1512278744995,5899.0366584944095,1455.6759594067453,1455.6759594067453,5470.7374362176015
148,0,1326.8137724181702,227.2419550094427,7.456384193648384,60.67061783327657,-69.20931232368945,-0.6209548349070015,1874.2890636537752,1874.2890636537752,6231.57670062939,1480.6759594067453,1480.6759594067453,5570.7374362176015
149,0,1328.836126345946,224.9349779319864,7.435685699151485,60.67061783327657,-69.20931232368945,-0.6209548349070015,1971.689512676177,1971.689512676177,6576.385048178187,1505.6759594067453,1505.6759594067453,5670.7374362176015
150,0,1330.8584802737219,222.6280008545301,7.414987204654585,60.67061783327657,-69.20931232368945,-0.6209548349070015,2072.4081304972606,2072.4081304972606,6933.683923363024,1530.6759594067453,1530.6759594067453,5770.7374362176015
151,0,1332.8808342014977,220.32102377707378,7.394288710157685,60.67061783327657,-69.20931232368945,-0.6209548349070015,2176.5004726725815,2176.5004726725815,7303.695548406123,1555.6759594067453,1555.6759594067453,5870.7374362176015
152,0,1334.9031881292735,218.01404669961747,7.373590215660785,60.67061783327657,-69.20931232368945,-0.6209548349070015,2284.022094757695,2284.022094757695,7686.642145529704,1580.6759594067453,1580.6759594067453,5970.7374362176015
153,0,1336.9255420570494,215.70706962216116,7.352891721163886,60.67061783327657,-69.20931232368945,-0.6209548349070015,2395.0285523081566,2395.0285523081566,8082.745936955991,1605.6759594067453,1605.6759594067453,6070.7374362176015
154,1,883.1097559268726,408.55512253495283,5.323525319939875,-256.2838524208666,66.48635179982286,-2.097713337609885,8.967838961671882,8.967838961671882,0.5183358631200224,421.69911430234424,421.69911430234424,1580.893972351948
155,1,876.2147375532367,388.63593486192815,5.204874833949333,-252.8899578432516,20.894487517439345,-3.222047268125516,4.703395562200846,4.703395562200846,0.12896529694770095,424.8568521803853,424.8568521803853,524.8316871481272
156,1,871.6459285481005,366.92419763161246,4.7035429578382955,-237.0723229840326,-70.91028857601603,-12.078551037753035,3.5348893031783635,3.5348893031783635,0.10687916155516232,411.4800750777549,411.4800750777549,218.63585683617868
157,1,869.1464614342913,343.63973313048825,5.255766098838331,-206.34089054127043,-189.9057530965153,6.064819777683317,3.19669655947645,3.19669655947645,0.054777606101209644,379.511903711376,379.511903711376,154.27505443316122
158,1,867.9253481863286,317.42247501151576,6.138940190536796,-170.23332639284843,-316.84302218169483,20.310989639714805,3.143397239684017,3.143397239684017,0.10345096691092068,335.7750541395661,335.7750541395661,170.1959172944476
159,1,867.6848558988255,290.47378100225853,6.270409378656728,-135.24289951880326,-422.3642392124864,10.522886084071352,3.1533473805258043,3.1533473805258043,0.20522989421827229,290.2565259206075,290.2565259206075,195.6461644601539
160,1,867.722970906686,264.5337730932529,6.257174538122555,-107.02132453427653,-495.99515843165,4.963585393959654,3.1429672953869905,3.1429672953869905,0.22738217117009457,250.26372310530365,250.26372310530365,192.84676135461987
161,1,867.4570944703796,242.27445626322856,6.336045671238799,-87.54634710489708,-529.7726858996572,3.69014832853348,3.0969616716378976,3.0969616716378976,0.20998370104850828,218.72745927506028,218.72745927506028,192.64776868462133
162,1,873.6917531830874,226.4810412700091,3.8948494809605316,-36.21962999055931,-519.3105088757593,-35.02134078630477,3.025618094711482,3.025618094711482,0.20872636512497827,195.54293266096124,195.54293266096124,196.64816440011913
163,0,872.4844321834021,209.17069097415043,2.727471454750373,-36.21962999055931,-519.3105088757593,-35.02134078630477,4.374008926912633,4.374008926912633,0.637299068474966,220.54293266096124,220.54293266096124,296.64816440011913
164,0,871.2771111837168,191.86034067829178,1.560093428540214,-36.21962999055931,-519.3105088757593,-35.02134078630477,6.184717387249253,6.184717387249253,1.6139788038252183,245.54293266096124,245.54293266096124,396.64816440011913
165,1,883.2165969687369,208.28080835125394,0.7546057144241416,24.03937779001128,-364.7037168452538,-31.48792423599556,4.3749433584533355,4.3749433584533355,4.266009952868513e-06,183.60061649583838,183.60061649583838,176.24105229579584
166,1,886.5491281316018,223.8575553193075,-0.1971114660756229,35.23804666144614,-242.00443392884796,-28.55160020026491,3.5695149338846823,3.5695149338846823,1.800009077745167e-08,162.67517990290486,162.67517990290486,100.00385541239146
167,1,887.5136487084757,241.74396873210674,-1.0509771324766264,34.310136751938764,-127.37122200297921,-25.615970942422145,3.1317472824900445,3.1317472824900445,1.792542558939435e-08,155.06878588836017,155.06878588836017,100.0000323088907
168,1,887.6340709572142,268.7939425604652,-1.8076392477899401,29.709483044174647,13.338023949720423,-22.69986440004279,2.875802848578253,2.875802848578253,1.7966425484500328e-08,152.76986321269268,152.76986321269268,100.00003229373677
169,1,887.6043610940754,301.7873646983537,-2.4669801980732635,25.004941391735382,163.4589924763849,-19.780229452036576,2.7246005049593256,2.7246005049593256,1.796642550438745e-08,152.60604903527917,152.60604903527917,100.00003231686352
170,1,889.4438718009887,339.8755486085005,-3.028810589459649,29.763714141038395,317.85486752159414,-16.854912688608568,2.638036815869548,2.638036815869548,1.7903897694796456e-08,153.12930804971785,153.12930804971785,100.00003231686354
171,1,893.5804537175221,380.50541106296714,-3.4930508766599897,44.95267008660253,462.9341536842343,-13.927209559774836,2.5918226593293707,2.5918226593293707,1.7945582882113058e-08,153.67022000774404,153.67022000774404,100.00003227309406
172,1,898.6886198279772,421.07356679936504,-3.859325491462931,62.656034071660756,586.2143071365098,-10.988239393282997,2.570000429252346,2.570000429252346,1.7966425493710554e-08,153.96354554237476,153.96354554237476,100.00003231561294
173,1,909.8114979920375,455.69961971008775,-4.127195040181214,107.39767607076902,660.9240440919107,-8.03608741618212,2.5618970492203843,2.5618970492203843,1.79664255089888e-08,153.96031934739034,153.96031934739034,100.00003233687245
174,1,916.0895975293084,482.65090874055903,-4.297018803222673,120.83242446591954,685.4241092549247,-5.094713842943491,2.560593611854286,2.560593611854286,1.7945582909492233e-08,153.71658020339277,153.71658020339277,100.00003233687242
175,1,925.1707548121846,501.85523642271573,-4.368783522897518,146.05253267697734,667.2422370362319,-2.1529425402713946,2.561909091095717,2.561909091095717,1.7924740299001952e-08,153.32468134573853,153.32468134573853,100.0000322755952
176,1,934.619687174903,514.7746816952848,-4.342551699121476,168.92099514950607,620.7018434686693,0.7869537650740424,2.563588946894179,2.563588946894179,1.7903897669943762e-08,152.8740595679007,152.8740595679007,100.00003223432681
177,1,944.5887905759029,523.7714885435923,-4.218363293967073,190.5659920899292,562.3623053418628,3.7256512079507274,2.5646387266494677,2.5646387266494677,1.7924740255515125e-08,152.43303364091582,152.43303364091582,100.00003223307623
178,1,954.8677127301345,528.8202877580411,-3.9961353528881567,210.13536966642477,494.1033038286838,6.666837284810882,2.5648070915055334,2.5648070915055334,1.796642547259061e-08,152.0442752323416,152.0442752323416,100.00003225433572
179,1,964.991390107089,526.0358537907806,-3.6758207167938197,225.662305791739,398.25583470262814,9.609438130181056,2.564218357328003,2.564218357328003,1.7924740282862497e-08,151.7277831316073,151.7277831316073,100.00003233687244
180,1,975.2621556114445,517.6778766255514,-3.2574222267992408,239.33151140075162,290.6742532422437,12.551953751852434,2.5631366246809497,2.5631366246809497,1.7966425499776934e-08,151.48689238103614,151.48689238103614,100.00003225433574
181,1,984.6503398683597,506.4903577318086,-2.740827950912027,246.34049392999364,186.9326356890487,15.497827324086721,2.5618322227086088,2.5618322227086088,1.792474028286251e-08,151.31458398301447,151.31458398301447,100.00003229685461
182,1,993.8327837806887,493.4758866553021,-2.1260325862910396,251.16366406903208,91.34498486070795,18.44385998833271,2.5605193131642863,2.5605193131642863,1.7966425485397395e-08,151.198739407378,151.198739407378,100.00003229435352
183,1,1002.7551902898548,479.42556048645383,-1.4129245798311638,253.89595314496447,6.46357003780642,21.39323924068653,2.559337762210689,2.559337762210689,1.794558290096427e-08,151.1258944168056,151.1258944168056,100.00003229685463
184,0,1011.2183887280203,479.64101282104735,-0.6998166051416128,253.89595314496447,6.46357003780642,21.39323924068653,3.574435649923723,3.574435649923723,0.11111120080665111,176.1258944168056,176.1258944168056,200.0000322968546
185,1,1017.6576137908581,459.74963979752573,0.11160860122419444,244.24585517873516,-89.40371599517394,23.162949144694533,3.1948578259016744,3.1948578259016744,1.792513760873288e-08,161.15498159787398,161.15498159787398,120.00001672978775
186,1,1023.9357196279836,442.53537012138554,1.6388122517659967,235.49870478013435,-156.22066325840916,45.81610464352501,2.950454640955288,2.950454640955288,0.00010928964873088819,154.4472198559188,154.4472198559188,100.09837677423567
187,1,1030.039599167817,426.56193047124606,4.563113100816605,227.29872092630663,-206.78069137132076,87.64689695112793,2.7909072211758112,2.7909072211758112,0.015513817382077593,151.78024227380675,151.78024227380675,114.0057455758971
188,0,1037.616223198694,419.6692407588687,7.48467633252087,227.29872092630663,-206.78069137132076,87.64689695112793,3.8333351032303518,3.8333351032303518,0.17315370402326646,176.78024227380675,176.78024227380675,214.0057455758971
189,1,1041.5613376207093,403.1229632411179,8.682907209608452,210.62776836720886,-251.09683580221005,59.393899113091805,3.3121293550036595,3.3121293550036595,0.5225208407534361,161.1348513822727,161.1348513822727,267.5800234935377
190,1,1046.0930662417984,389.8902431013121,8.436410506002531,199.25825891784436,-273.30799142986876,31.406502146235987,3.0021418731841916,3.0021418731841916,0.8693429635164408,154.78531270165692,154.78531270165692,285.15027775097667
191,1,1050.2033099057244,377.8297228896675,7.5922639933898095,187.57169889863667,-286.9266435669526,11.225977210681862,2.811259917531141,2.811259917531141,0.8253262874159806,152.57401551839743,152.57401551839743,261.0795239330827
192,1,1054.1936094872067,367.88213390885096,7.352751249209563,176.94751668516864,-288.72717572569,4.914256865990434,2.694497371414501,2.694497371414501,0.507187516853804,152.17558196849035,152.17558196849035,234.6406072606651
193,0,1060.091860043379,358.25789471799465,7.516559811409244,176.94751668516864,-288.72717572569,4.914256865990434,3.707250295169103,3.707250295169103,1.1156439396362827,177.17558196849035,177.17558196849035,334.6406072606651
194,1,1063.0997420466865,351.7934633205578,7.460137491527423,163.5165414798298,-274.0441692679188,2.653460580626424,3.2495887036516367,3.2495887036516367,0.49340586456649105,162.52345100472166,162.52345100472166,238.28979483354053
195,1,1066.879383645017,344.4108128503486,8.138913308305073,155.7896321183964,-265.94155096464596,9.660861378378002,2.9718015899551293,2.9718015899551293,0.3802577900626142,156.1936443391934,156.1936443391934,237.45947428653386
196,0,1072.072371382297,335.54609448486036,8.460942020917672,155.7896321183964,-265.94155096464596,9.660861378378002,4.061531265960517,4.061531265960517,0.9450216660362725,181.1936443391934,181.1936443391934,337.45947428653386
197,0,1077.265359119577,326.68137611937215,8.782970733530272,155.7896321183964,-265.94155096464596,9.660861378378002,5.526135707164113,5.526135707164113,2.148584373757784,206.1936443391934,206.1936443391934,437.45947428653386
198,1,1077.5873207902032,325.83987263085197,9.176682273367739,134.87634985037002,-231.49464899305966,10.311812584989633,4.067343089074363,4.067343089074363,0.9536116950696114,169.37148117418218,169.37148117418218,268.662035466472
199,1,1079.8475411723964,321.7453505707554,9.315960292399867,125.34400327866847,-216.05139322713424,8.343233610997618,3.3826913178860134,3.3826913178860134,0.8161192542984909,157.3387809142563,157.3387809142563,274.71505537181594
200,0,1084.0256746150187,314.54363746318427,9.59406807943312,125.34400327866847,-216.05139322713424,8.343233610997618,4.519048245312296,4.519048245312296,1.6452360998444746,182.3387809142563,182.3387809142563,374.71505537181594
201,0,1088.203808057641,307.3419243556131,9.872175866466373,125.34400327866847,-216.05139322713424,8.343233610997618,6.032824685881371,6.032824685881371,3.195941957327827,207.3387809142563,207.3387809142563,474.71505537181594
202,1,1088.189062291043,310.50254110898715,8.258031847064144,108.1843805980216,-173.6429045410781,-6.730270425439404,4.229562913169625,4.229562913169625,1.4265217126459762,169.52953611895856,169.52953611895856,304.14396006683353
203,1,1089.3097011857296,310.11376999687144,8.752570135101113,97.94210277242979,-151.39336303337146,-0.601420493325465,3.4413611159893533,3.4413611159893533,0.5763470701705817,158.35065657649872,158.35065657649872,262.72220768703767
204,0,1092.5744379448106,305.0673245624257,8.732522785323598,97.94210277242979,-151.39336303337146,-0.601420493325465,4.562717021643521,4.562717021643521,1.1958388651260274,183.35065657649872,183.35065657649872,362.72220768703767
205,0,1095.8391747038916,300.02087912798,8.712475435546082,97.94210277242979,-151.39336303337146,-0.601420493325465,6.063741053023241,6.063741053023241,2.510268899386001,208.35065657649872,208.35065657649872,462.72220768703767
206,1,1096.3232493123821,301.81469510531304,9.611882215203119,86.64000681626537,-123.59088770397679,7.384590345426104,4.235290968926671,4.235290968926671,0.842087335585642,171.15620403818946,171.15620403818946,268.5247748862072
207,1,1098.308251881891,299.40825722229204,10.089897040847761,82.92637540739622,-116.54501105732182,9.700980394184883,3.441812812679524,3.441812812679524,0.8301386659003247,160.1094909205539,160.1094909205539,288.8868745364745
208,0,1101.072464395471,295.5234235203813,10.413263053987258,82.92637540739622,-116.54501105732182,9.700980394184883,4.563356198241066,4.563356198241066,1.7040180408935077,185.1094909205539,185.1094909205539,388.8868745364745
209,0,1103.8366769090508,291.63858981847056,10.736629067126755,82.92637540739622,-116.54501105732182,9.700980394184883,6.0684762302927275,6.0684762302927275,3.330979359301079,210.1094909205539,210.1094909205539,488.8868745364745
210,1,1104.8884424902608,291.1053954519983,10.42663547087961,75.9452177307186,-102.88133352445385,4.664405094957153,4.238858942024266,4.238858942024266,1.8478410528739997,172.3892769483362,172.3892769483362,330.5389827927869
211,1,1106.5930788686835,286.7147511435515,10.10485496035349,72.53447204607224,-106.84644552894015,0.8232442543453349,3.4453754863830586,3.4453754863830586,1.3198620051417955,161.02778498818444,161.02778498818444,309.09278229002575
212,1,1108.3419308193954,282.73442053514606,10.826975494136056,69.66950897507913,-108.63995992876745,6.953054649815055,3.0317188266910478,3.0317188266910478,1.0518668303309435,157.78149528177775,157.78149528177775,306.3451003145272
213,0,1110.6642477852315,279.11308853752047,11.058743982463223,69.66950897507913,-108.63995992876745,6.953054649815055,4.072625291621164,4.072625291621164,2.011024671832751,182.78149528177775,182.78149528177775,406.3451003145272
214,0,1112.9865647510676,275.4917565398949,11.290512470790391,69.66950897507913,-108.63995992876745,6.953054649815055,5.491935079399676,5.491935079399676,3.762060514033508,207.78149528177775,207.78149528177775,506.3451003145272
215,1,1114.1747003552662,275.55514779820214,9.569806854043037,64.84229910613725,-92.95734243302847,-7.978308642791919,4.044417845088467,4.044417845088467,2.129754148047289,172.9892716628858,172.9892716628858,349.1702345047738
216,1,1114.8871021840346,274.4866318888572,8.747482036723943,58.657910824323565,-84.29300691458403,-12.2900723539021,3.3688198414598856,3.3688198414598856,0.9788292999613137,161.27727572843943,161.27727572843943,291.53823422350433
217,0,1116.8423658781787,271.67686499170435,8.337812958260539,58.657910824323565,-84.29300691458403,-12.2900723539021,4.50656169105401,4.50656169105401,1.8084667934424172,186.27727572843943,186.27727572843943,391.53823422350433
218,0,1118.7976295723229,268.8670980945515,7.928143879797136,58.657910824323565,-84.29300691458403,-12.2900723539021,6.030475264489111,6.030475264489111,3.39707814075353,211.27727572843943,211.27727572843943,491.53823422350433
219,0,1120.752893266467,266.0573311973987,7.518474801333733,58.657910824323565,-84.29300691458403,-12.2900723539021,7.996116117320744,7.996116117320744,5.966885564116875,236.27727572843943,236.27727572843943,591.5382342235043
220,0,1122.7081569606112,263.24756430024587,7.10880572287033,58.657910824323565,-84.29300691458403,-12.2900723539021,10.459039805104464,10.459039805104464,9.740111285754674,261.27727572843946,261.27727572843946,691.5382342235043
221,0,1124.6634206547553,260.43779740309304,6.699136644406927,58.657910824323565,-84.29300691458403,-12.2900723539021,13.474801883395827,13.474801883395827,14.938977527889149,286.27727572843946,286.27727572843946,791.5382342235043
222,0,1126.6186843488995,257.6280305059402,6.289467565943524,58.657910824323565,-84.29300691458403,-12.2900723539021,17.09895790775039,17.09895790775039,21.78570651274252,311.27727572843946,311.27727572843946,891.5382342235043
223,0,1128.5739480430436,254.81826360878742,5.879798487480121,58.657910824323565,-84.29300691458403,-12.2900723539021,21.387063433723704,21.387063433723704,30.502520462537014,336.27727572843946,336.27727572843946,991.5382342235043
224,0,1130.5292117371878,252.00849671163462,5.470129409016718,58.657910824323565,-84.29300691458403,-12.2900723539021,26.394674016871335,26.394674016871335,41.31164159949485,361.27727572843946,361.27727572843946,1091.5382342235043
225,0,1132.484475431332,249.19872981448182,5.060460330553315,58.657910824323565,-84.29300691458403,-12.2900723539021,32.17734521274883,32.17734521274883,54.43529214583825,386.27727572843946,386.27727572843946,1191.5382342235043
226,0,1134.439739125476,246.38896291732902,4.650791252089912,58.657910824323565,-84.29300691458403,-12.2900723539021,38.79063257691175,38.79063257691175,70.09569432378943,411.27727572843946,411.27727572843946,1291.5382342235043
227,0,1136.3950028196202,243.57919602017623,4.2411221736265095,58.657910824323565,-84.29300691458403,-12.2900723539021,46.290091664915636,46.290091664915636,88.51507035557063,436.27727572843946,436.27727572843946,1391.5382342235043
228,0,1138.3502665137644,240.76942912302343,3.831453095163106,58.657910824323565,-84.29300691458403,-12.2900723539021,54.731278032316055,54.731278032316055,109.91564246340405,461.27727572843946,461.27727572843946,1491.5382342235043
229,0,1140.3055302079085,237.95966222587063,3.4217840166997027,58.657910824323565,-84.29300691458403,-12.2900723539021,64.16974723466856,64.16974723466856,134.51963286951192,486.27727572843946,486.27727572843946,1591.5382342235043
230,0,1142.2607939020527,235.14989532871783,3.0121149382362993,58.657910824323565,-84.29300691458403,-12.2900723539021,74.66105482752872,74.66105482752872,162.5492637961165,511.27727572843946,511.27727572843946,1691.5382342235043
231,0,1144.2160575961968,232.34012843156503,2.602445859772896,58.657910824323565,-84.29300691458403,-12.2900723539021,86.26075636645207,86.26075636645207,194.22675746543996,536.2772757284395,536.2772757284395,1791.5382342235043
232,0,1146.171321290341,229.53036153441224,2.1927767813094925,58.657910824323565,-84.29300691458403,-12.2900723539021,99.02440740699419,99.02440740699419,229.77433609970456,561.2772757284395,561.2772757284395,1891.5382342235043
233,0,1148.1265849844851,226.72059463725944,1.783107702846089,58.657910824323565,-84.29300691458403,-12.2900723539021,113.0075635047106,113.0075635047106,269.4142219211325,586.2772757284395,586.2772757284395,1991.5382342235043
234,0,1150.0818486786293,223.91082774010664,1.3734386243826857,58.657910824323565,-84.29300691458403,-12.2900723539021,128.2657802151569,128.2657802151569,313.36863715194596,611.2772757284395,611.2772757284395,2091.5382342235043
235,0,1152.0371123727734,221.10106084295384,0.9637695459192823,58.657910824323565,-84.29300691458403,-12.2900723539021,144.8546130938886,144.8546130938886,361.8598040143672,636.2772757284395,636.2772757284395,2191.5382342235043
236,0,1153.9923760669176,218.29129394580104,0.5541004674558789,58.657910824323565,-84.29300691458403,-12.2900723539021,162.82961769646127,162.82961769646127,415.1099447306185,661.2772757284395,661.2772757284395,2291.5382342235043
237,0,1155.9476397610617,215.48152704864825,0.1444313889924756,58.657910824323565,-84.29300691458403,-12.2900723539021,182.24634957843048,182.24634957843048,473.34128152292203,686.2772757284395,686.2772757284395,2391.5382342235043
238,0,1157.902903455206,212.67176015149545,-0.26523768947092774,58.657910824323565,-84.29300691458403,-12.2900723539021,203.16036429535177,203.16036429535177,536.7760366135,711.2772757284395,711.2772757284395,2491.5382342235043
239,0,1159.85816714935,209.86199325434265,-0.674906767934331,58.657910824323565,-84.29300691458403,-12.2900723539021,225.6272174027807,225.6272174027807,605.6364322245746,736.2772757284395,736.2772757284395,2591.5382342235043
240,0,1161.8134308434942,207.05222635718985,-1.0845758463977344,58.657910824323565,-84.29300691458403,-12.2900723539021,249.70246445627282,249.70246445627282,680.1446905783681,761.2772757284395,761.2772757284395,2691.5382342235043
241,0,1163.7686945376383,204.24245946003705,-1.4942449248611378,58.657910824323565,-84.29300691458403,-12.2900723539021,275.44166101138376,275.44166101138376,760.5230338971028,786.2772757284395,786.2772757284395,2791.5382342235043
242,0,1165.7239582317825,201.43269256288426,-1.9039140033245412,58.657910824323565,-84.29300691458403,-12.2900723539021,302.9003626236689,302.9003626236689,846.9936844030008,811.2772757284395,811.2772757284395,2891.5382342235043
243,0,1167.6792219259266,198.62292566573146,-2.3135830817879444,58.657910824323565,-84.29300691458403,-12.2900723539021,332.13412484868394,332.13412484868394,939.7788643182843,836.2772757284395,836.2772757284395,2991.5382342235043
244,0,1169.6344856200708,195.81315876857866,-2.7232521602513478,58.657910824323565,-84.29300691458403,-12.2900723539021,363.1985032419844,363.1985032419844,1039.1007958651755,861.2772757284395,861.2772757284395,3091.5382342235043
245,0,1171.589749314215,193.00339187142586,-3.132921238714751,58.657910824323565,-84.29300691458403,-12.2900723539021,396.14905335912584,396.14905335912584,1145.181701265897,886.2772757284395,886.2772757284395,3191.5382342235043
246,0,1173.545013008359,190.19362497427306,-3.5425903171781545,58.657910824323565,-84.29300691458403,-12.2900723539021,431.04133075566386,431.04133075566386,1258.2438027426706,911.2772757284395,911.2772757284395,3291.5382342235043
247,0,1175.5002767025032,187.38385807712027,-3.952259395641558,58.657910824323565,-84.29300691458403,-12.2900723539021,467.93089098715393,467.93089098715393,1378.5093225177188,936.2772757284395,936.2772757284395,3391.5382342235043
248,0,1177.4555403966474,184.57409117996747,-4.361928474104961,58.657910824323565,-84.29300691458403,-12.2900723539021,506.87328960915164,506.87328960915164,1506.2004828132635,961.2772757284395,961.2772757284395,3491.5382342235043
249,0,1179.4108040907915,181.76432428281467,-4.771597552568364,58.657910824323565,-84.29300691458403,-12.2900723539021,547.9240821772125,547.9240821772125,1641.5395058515273,986.2772757284395,986.2772757284395,3591.5382342235043
250,0,1181.3660677849357,178.95455738566187,-5.181266631031767,58.657910824323565,-84.29300691458403,-12.2900723539021,591.1388242468922,591.1388242468922,1784.7486138547322,1011.2772757284395,1011.2772757284395,3691.5382342235043
251,0,1183.3213314790798,176.14479048850907,-5.59093570949517,58.657910824323565,-84.29300691458403,-12.2900723539021,636.5730713737463,636.5730713737463,1936.0500290451002,1036.2772757284395,1036.2772757284395,3791.5382342235043
252,0,1185.276595173224,173.33502359135628,-6.000604787958573,58.657910824323565,-84.29300691458403,-12.2900723539021,684.2823791133302,684.2823791133302,2095.6659736448537,1061.2772757284395,1061.2772757284395,3891.5382342235043
253,0,1187.2318588673681,170.52525669420348,-6.410273866421976,58.657910824323565,-84.29300691458403,-12.2900723539021,734.3223030211994,734.3223030211994,2263.818669876215,1086.2772757284395,1086.2772757284395,3991.5382342235043
254,0,1189.1871225615123,167.71548979705068,-6.819942944885379,58.657910824323565,-84.29300691458403,-12.2900723539021,786.7483986529097,786.7483986529097,2440.7303399614066,1111.2772757284395,1111.2772757284395,4091.5382342235043
255,0,1191.1423862556564,164.90572289989788,-7.229612023348782,58.657910824323565,-84.29300691458403,-12.2900723539021,841.6162215640165,841.6162215640165,2626.62320612265,1136.2772757284395,1136.2772757284395,4191.538234223504
256,0,1193.0976499498006,162.09595600274508,-7.639281101812185,58.657910824323565,-84.29300691458403,-12.2900723539021,898.9813273100755,898.9813273100755,2821.7194905821684,1161.2772757284395,1161.2772757284395,4291.538234223504
257,0,1195.0529136439447,159.28618910559229,-8.048950180275588,58.657910824323565,-84.29300691458403,-12.2900723539021,958.899271446642,958.899271446642,3026.241415562183,1186.2772757284395,1186.2772757284395,4391.538234223504
258,0,1197.008177338089,156.4764222084395,-8.458619258738992,58.657910824323565,-84.29300691458403,-12.2900723539021,1021.4256095292718,1021.4256095292718,3240.4112032849166,1211.2772757284395,1211.2772757284395,4491.538234223504
259,0,1198.963441032233,153.6666553112867,-8.868288337202396,58.657910824323565,-84.29300691458403,-12.2900723539021,1086.61589711352,1086.61589711352,3464.4510759725913,1236.2772757284395,1236.2772757284395,4591.538234223504
260,0,1200.9187047263772,150.8568884141339,-9.2779574156658,58.657910824323565,-84.29300691458403,-12.2900723539021,1154.525689754943,1154.525689754943,3698.5832558474294,1261.2772757284395,1261.2772757284395,4691.538234223504
261,0,1202.8739684205214,148.0471215169811,-9.687626494129203,58.657910824323565,-84.29300691458403,-12.2900723539021,1225.2105430090955,1225.2105430090955,3943.029965131653,1286.2772757284395,1286.2772757284395,4791.538234223504
262,0,1204.8292321146655,145.2373546198283,-10.097295572592607,58.657910824323565,-84.29300691458403,-12.2900723539021,1298.7260124315335,1298.7260124315335,4198.013426047485,1311.2772757284395,1311.2772757284395,4891.538234223504
263,0,1206.7844958088097,142.4275877226755,-10.50696465105601,58.657910824323565,-84.29300691458403,-12.2900723539021,1375.1276535778125,1375.1276535778125,4463.755860817147,1336.2772757284395,1336.2772757284395,4991.538234223504
264,0,1208.7397595029538,139.6178208255227,-10.916633729519415,58.657910824323565,-84.29300691458403,-12.2900723539021,1454.471022003488,1454.471022003488,4740.47949166286,1361.2772757284395,1361.2772757284395,5091.538234223504
265,0,1210.695023197098,136.8080539283699,-11.326302807982819,58.657910824323565,-84.29300691458403,-12.2900723539021,1536.8116732641158,1536.8116732641158,5028.406540806848,1386.2772757284395,1386.2772757284395,5191.538234223504
266,0,1212.650286891242,133.9982870312171,-11.735971886446222,58.657910824323565,-84.29300691458403,-12.2900723539021,1622.205162915251,1622.205162915251,5327.7592304713335,1411.2772757284395,1411.2772757284395,5291.538234223504
267,0,1214.6055505853863,131.1885201340643,-12.145640964909626,58.657910824323565,-84.29300691458403,-12.2900723539021,1710.7070465124496,1710.7070465124496,5638.759782878537,1436.2772757284395,1436.2772757284395,5391.538234223504
268,0,1216.5608142795304,128.3787532369115,-12.55531004337303,58.657910824323565,-84.29300691458403,-12.2900723539021,1802.3728796112669,1802.3728796112669,5961.630420250683,1461.2772757284395,1461.2772757284395,5491.538234223504
269,0,1218.5160779736746,125.56898633975871,-12.964979121836434,58.657910824323565,-84.29300691458403,-12.2900723539021,1897.2582177672584,1897.2582177672584,6296.593364809991,1486.2772757284395,1486.2772757284395,5591.538234223504
270,0,1220.4713416678187,122.75921944260591,-13.374648200299838,58.657910824323565,-84.29300691458403,-12.2900723539021,1995.4186165359797,1995.4186165359797,6643.870838778685,1511.2772757284395,1511.2772757284395,5691.538234223504
271,0,1222.4266053619629,119.94945254545311,-13.784317278763242,58.657910824323565,-84.29300691458403,-12.2900723539021,2096.9096314729863,2096.9096314729863,7003.685064378987,1536.2772757284395,1536.2772757284395,5791.538234223504
272,0,1224.381869056107,117.13968564830031,-14.193986357226645,58.657910824323565,-84.29300691458403,-12.2900723539021,2201.786818133834,2201.786818133834,7376.258263833119,1561.2772757284395,1561.2772757284395,5891.538234223504
273,0,1226.3371327502512,114.32991875114752,-14.60365543569005,58.657910824323565,-84.29300691458403,-12.2900723539021,2310.1057320740783,2310.1057320740783,7761.812659363302,1586.2772757284395,1586.2772757284395,5991.538234223504
274,0,1228.2923964443953,111.52015185399472,-15.013324514153453,58.657910824323565,-84.29300691458403,-12.2900723539021,2421.921928849275,2421.921928849275,8160.57047319176,1611.2772757284395,1611.2772757284395,6091.538234223504
275,0,1230.2476601385395,108.71038495684192,-15.422993592616857,58.657910824323565,-84.29300691458403,-12.2900723539021,2537.290964014979,2537.290964014979,8572.753927540714,1636.2772757284395,1636.2772757284395,6191.538234223504
276,0,1232.2029238326836,105.90061805968912,-15.83266267108026,58.657910824323565,-84.29300691458403,-12.2900723539021,2656.2683931267466,2656.2683931267466,8998.585244632388,1661.2772757284395,1661.2772757284395,6291.538234223504
277,0,1234.1581875268278,103.09085116253632,-16.242331749543663,58.657910824323565,-84.29300691458403,-12.2900723539021,2778.909771740133,2778.909771740133,9438.286646689003,1686.2772757284395,1686.2772757284395,6391.538234223504
278,0,1236.113451220972,100.28108426538353,-16.652000828007065,58.657910824323565,-84.29300691458403,-12.2900723539021,2905.270655410693,2905.270655410693,9892.080355932781,1711.2772757284395,1711.2772757284395,6491.538234223504
279,0,1238.068714915116,97.47131736823073,-17.061669906470467,58.657910824323565,-84.29300691458403,-12.2900723539021,3035.406599693983,3035.406599693983,10360.188594585947,1736.2772757284395,1736.2772757284395,6591.538234223504
280,0,1240.0239786092602,94.66155047107793,-17.47133898493387,58.657910824323565,-84.29300691458403,-12.2900723539021,3169.3731601455584,3169.3731601455584,10842.833584870717,1761.2772757284395,1761.2772757284395,6691.538234223504
281,0,1241.9792423034044,91.85178357392513,-17.88100806339727,58.657910824323565,-84.29300691458403,-12.2900723539021,3307.2258923209747,3307.2258923209747,11340.23754900932,1786.2772757284395,1786.2772757284395,6791.538234223504
282,0,1243.9345059975485,89.04201667677233,-18.290677141860673,58.657910824323565,-84.29300691458403,-12.2900723539021,3449.0203517757877,3449.0203517757877,11852.622709223975,1811.2772757284395,1811.2772757284395,6891.538234223504
283,0,1245.8897696916927,86.23224977961954,-18.700346220324075,58.657910824323565,-84.29300691458403,-12.2900723539021,3594.812094065553,3594.812094065553,12380.211287736904,1836.2772757284395,1836.2772757284395,6991.538234223504
284,0,1247.8450333858368,83.42248288246674,-19.110015298787477,58.657910824323565,-84.29300691458403,-12.2900723539021,3744.656674745826,3744.656674745826,12923.225506770328,1861.2772757284395,1861.2772757284395,7091.538234223504
285,0,1249.800297079981,80.61271598531394,-19.51968437725088,58.657910824323565,-84.29300691458403,-12.2900723539021,3898.609649372162,3898.609649372162,13481.887588546471,1886.2772757284395,1886.2772757284395,7191.538234223504
286,1,867.3178893874883,728.6211354527704,-19.83292324464708,-169.08173322056825,301.24960020300296,-12.230130659463644,8.980077361687623,8.980077361687623,0.013405246502803744,490.78556224073213,490.78556224073213,1860.0399697937737
287,1,862.2251116126944,740.7859527516873,-20.144560175647836,-167.88964124636976,305.90835207832276,-9.367971931667594,4.709756197994532,4.709756197994532,-1.5661120536150788e-09,490.892004215697,490.892004215697,111.9305817781983
288,0,856.6287902378153,750.9828978209647,-20.456825906703422,-167.88964124636976,305.90835207832276,-9.367971931667594,5.944150499223557,5.944150499223557,0.12436733719900392,515.8920042156969,515.8920042156969,211.9305817781983
289,0,851.0324688629363,761.1798428902421,-20.769091637759008,-167.88964124636976,305.90835207832276,-9.367971931667594,8.297193698709686,8.297193698709686,0.6085804132490049,540.8920042156969,540.8920042156969,311.9305817781983
290,0,845.4361474880573,771.3767879595194,-21.081357368814594,-167.88964124636976,305.90835207832276,-9.367971931667594,11.824441352008474,11.824441352008474,1.674861448806113,565.8920042156969,565.8920042156969,411.9305817781983
291,0,839.8398261131782,781.5737330287968,-21.39362309987018,-167.88964124636976,305.90835207832276,-9.367971931667594,16.581449014675478,16.581449014675478,3.545432666092551,590.8920042156969,590.8920042156969,511.9305817781983
292,1,838.5548833801422,649.9342016800838,-21.610234663613234,-148.74073608313728,-324.055624932545,-8.596082534154807,6.438635739611711,6.438635739611711,-4.3500439773435555e-08,296.61184512171366,296.61184512171366,192.40554171310032
293,1,833.6769280169706,588.0048827207678,-21.80059424101605,-148.38551900921655,-550.8763572589193,-5.710786577491904,4.417172062719264,4.417172062719264,1.7966017893980846e-08,237.8180112503672,237.8180112503672,99.99997704728128
294,0,828.7307440499967,569.6423374788038,-21.990953793599115,-148.38551900921655,-550.8763572589193,-5.710786577491904,5.987830468733022,5.987830468733022,0.11111113953755278,262.8180112503672,262.8180112503672,199.99997704728128
295,0,823.7845600830228,551.2797922368399,-22.18131334618218,-148.38551900921655,-550.8763572589193,-5.710786577491904,8.114751121969817,8.114751121969817,0.5555555434363794,287.8180112503672,287.8180112503672,299.9999770472813
296,0,818.838376116049,532.9172469948759,-22.371672898765244,-148.38551900921655,-550.8763572589193,-5.710786577491904,10.853489577985206,10.853489577985206,1.5555554518847199,312.8180112503672,312.8180112503672,399.9999770472813
297,0,813.8921921490751,514.5547017529119,-22.56203245134831,-148.38551900921655,-550.8763572589193,-5.710786577491904,14.259601392334744,14.259601392334744,3.3333330871047964,337.8180112503672,337.8180112503672,499.9999770472813
298,0,808.9460081821012,496.19215651094794,-22.752392003931373,-148.38551900921655,-550.8763572589193,-5.710786577491904,18.388642120573987,18.388642120573987,6.111110671318832,362.8180112503672,362.8180112503672,599.9999770472813
299,1,832.2327744276113,287.74162416809486,-22.84666348306955,-51.844641619536844,-1200.8708111804744,-5.045561482748103,6.491962461000534,6.491962461000534,-5.538199837901646e-07,191.33367878687358,191.33367878687358,215.38461514040353
300,1,836.5510691376392,231.77531154234458,-22.91875985788627,-30.73305609623352,-1256.516917465503,-2.1628830351912756,4.286444645218321,4.286444645218321,1.795685657312822e-08,168.812557504195,168.812557504195,99.9995178102883
301,1,842.5681244884328,182.1795346001306,-22.89454745186877,-4.231800407556026,-1285.5412403736714,0.7263712474588715,3.4028979918500855,3.4028979918500855,1.792464808996579e-08,164.50778586533576,164.50778586533576,100.00003226515692
302,1,847.3037312990739,144.50011183093483,-22.77402694856883,15.860055022716413,-1264.23281110999,3.6156141670558846,2.9729860530284493,2.9729860530284493,1.7945582871803238e-08,164.6147728920909,164.6147728920909,100.0000322744276
303,1,851.5170606253489,116.65228467298313,-22.557195885846234,32.31092582242229,-1200.4177973586861,6.504930948519524,2.7560084169666705,2.7560084169666705,1.7966425490834434e-08,165.36646045564726,165.36646045564726,100.00003231561298
304,1,856.0877239808568,97.7331074388776,-22.2440222561167,48.865389544306645,-1100.461015049792,9.395207957369305,2.6520694231041864,2.6520694231041864,1.7903897697707126e-08,165.4885784063027,165.4885784063027,100.00003227684579
305,1,859.672734892156,86.31144836920002,-21.83449374883952,58.494131323331146,-976.1229983472936,12.285854285956649,2.6088263667905314,2.6088263667905314,1.7924740264033196e-08,164.68749003695712,164.68749003695712,100.00003227309404
306,0,861.6225392696003,53.7740150909569,-21.424965272640964,58.494131323331146,-976.1229983472936,12.285854285956649,3.647899782456893,3.647899782456893,0.1111112007746922,189.68749003695712,189.68749003695712,200.00003227309404
307,0,863.5723436470447,21.23658181271378,-21.01543679644241,58.494131323331146,-976.1229983472936,12.285854285956649,5.0807231759831595,5.0807231759831595,0.5555557886759642,214.68749003695712,214.68749003695712,300.000032273094
308,0,865.5221480244891,-11.300851465529341,-20.605908320243852,58.494131323331146,-976.1229983472936,12.285854285956649,6.962852102924886,6.962852102924886,1.5555560038507785,239.68749003695712,239.68749003695712,400.000032273094
309,0,867.4719524019334,-43.83828474377246,-20.196379844045296,58.494131323331146,-976.1229983472936,12.285854285956649,9.349842118837628,9.349842118837628,3.3333340685213573,264.6874900369571,264.6874900369571,500.000032273094
310,0,869.4217567793778,-76.37571802201558,-19.78685136784674,58.494131323331146,-976.1229983472936,12.285854285956649,12.297248779276941,12.297248779276941,6.111112204909922,289.6874900369571,289.6874900369571,600.000032273094
311,0,871.3715611568222,-108.9131513002587,-19.377322891648184,58.494131323331146,-976.1229983472936,12.285854285956649,15.860627639798384,15.860627639798384,10.111112635238698,314.6874900369571,314.6874900369571,700.000032273094
312,0,873.3213655342665,-141.45058457850183,-18.967794415449628,58.494131323331146,-976.1229983472936,12.285854285956649,20.09553425595751,20.09553425595751,15.555557581729902,339.6874900369571,339.6874900369571,800.000032273094
313,0,875.2711699117109,-173.98801785674496,-18.558265939251072,58.494131323331146,-976.1229983472936,12.285854285956649,25.057524183309873,25.057524183309873,22.666669266605762,364.6874900369571,364.6874900369571,900.000032273094
314,0,877.2209742891553,-206.5254511349881,-18.148737463052516,58.494131323331146,-976.1229983472936,12.285854285956649,30.802152977411026,30.802152977411026,31.666669912088494,389.6874900369571,389.6874900369571,1000.000032273094
315,0,879.1707786665996,-239.06288441323122,-17.73920898685396,58.494131323331146,-976.1229983472936,12.285854285956649,37.38497619381653,37.38497619381653,42.77778174040033,414.6874900369571,414.6874900369571,1100.000032273094
316,0,881.120583044044,-271.60031769147434,-17.329680510655404,58.494131323331146,-976.1229983472936,12.285854285956649,44.86154938808193,44.86154938808193,56.22222697376348,439.6874900369571,439.6874900369571,1200.000032273094
317,0,883.0703874214884,-304.13775096971744,-16.920152034456848,58.494131323331146,-976.1229983472936,12.285854285956649,53.2874281157628,53.2874281157628,72.22222783440019,464.6874900369571,464.6874900369571,1300.000032273094
318,0,885.0201917989327,-336.67518424796054,-16.510623558258292,58.494131323331146,-976.1229983472936,12.285854285956649,62.71816793241469,62.71816793241469,91.00000654453264,489.6874900369571,489.6874900369571,1400.000032273094
319,0,886.9699961763771,-369.21261752620364,-16.101095082059736,58.494131323331146,-976.1229983472936,12.285854285956649,73.20932439359315,73.20932439359315,112.77778532638308,514.6874900369571,514.6874900369571,1500.000032273094
320,0,888.9198005538215,-401.75005080444674,-15.691566605861182,58.494131323331146,-976.1229983472936,12.285854285956649,84.81645305485374,84.81645305485374,137.77778640217375,539.6874900369571,539.6874900369571,1600.000032273094
321,1,944.7969429972386,567.5525780483957,-15.184872163923222,169.37928827439458,1083.8561608940904,12.550852387910764,8.240115232289662,8.240115232289662,-9.690887964208883e-05,186.8998932391233,186.8998932391233,463.63556336043416
322,1,955.096728523286,629.0579323682523,-14.669343943813532,180.6396291629366,1145.2578168752916,15.466444952318835,4.639848088105861,4.639848088105861,1.816351710112146e-08,182.99363873251178,182.99363873251178,99.91277829983363
323,1,965.3992221704626,659.1079752114305,-14.056552991429871,193.90540892722487,1120.0807551256014,18.383727616477504,3.4488654474246707,3.4488654474246707,1.7950749131620128e-08,187.42001349324676,187.42001349324676,100.00003251360008
324,1,975.4831075773284,674.3539513447685,-13.346404321435108,207.93604874980346,1034.4714473283525,21.304459155442743,2.9414614835722577,2.9414614835722577,1.7924740332229407e-08,190.97101247286918,190.97101247286918,100.00003231096348
325,1,982.5842329838182,684.557674012229,-12.538909107715456,208.70739002463287,924.2624374417381,24.22485546905076,2.727553296399058,2.727553296399058,1.7924740285517925e-08,191.5313994510976,191.5313994510976,100.0000322743446
326,0,989.5411459846393,715.3664219269535,-11.731413925413765,208.70739002463287,924.2624374417381,24.22485546905076,3.765784832917488,3.765784832917488,0.1111112007566287,216.5313994510976,216.5313994510976,200.00003227434462
327,0,996.4980589854605,746.1751698416781,-10.923918743112074,208.70739002463287,924.2624374417381,24.22485546905076,5.257419479327246,5.257419479327246,0.5555557886426162,241.5313994510976,241.5313994510976,300.0000322743446
328,0,1003.4549719862816,776.9839177564027,-10.116423560810382,208.70739002463287,924.2624374417381,24.22485546905076,7.258012791183888,7.258012791183888,1.555556003804925,266.5313994510976,266.5313994510976,400.0000322743446
329,0,1010.4118849871028,807.7926656711272,-9.308928378508691,208.70739002463287,924.2624374417381,24.22485546905076,9.82312032404297,9.82312032404297,3.3333340684657777,291.5313994510976,291.5313994510976,500.0000322743446
330,0,1017.3687979879239,838.6014135858518,-8.501433196207,208.70739002463287,924.2624374417381,24.22485546905076,13.008297633460046,13.008297633460046,6.111112204847395,316.5313994510976,316.5313994510976,600.0000322743447
331,1,1033.3632783407475,656.5142152324815,-7.59603744976377,242.55992789770184,126.80579857458076,24.902628565634892,5.868851288256518,5.868851288256518,4.172778500722702e-07,187.19019435478822,187.19019435478822,215.3846476916833
332,1,1041.923424394179,602.5211852557586,-6.668003247312775,244.33664404859266,-91.04787461098684,27.841019767793945,4.103489680887003,4.103489680887003,1.7867174079368138e-08,164.0390036652929,164.0390036652929,100.00039162587547
333,1,1048.6698951336434,572.2938695980243,-5.642116998129843,238.85353305442447,-197.69301665494942,30.776586532127926,3.339391197655092,3.339391197655092,1.7945647337687744e-08,158.7378643112396,158.7378643112396,100.00003220630487
334,0,1056.631679568791,565.7041023761927,-4.616230780392246,238.85353305442447,-197.69301665494942,30.776586532127926,4.388878269348748,4.388878269348748,0.11111120070480955,183.7378643112396,183.7378643112396,200.00003220630487
335,0,1064.5934640039386,559.1143351543611,-3.590344562654648,238.85353305442447,-197.69301665494942,30.776586532127926,5.818893928400714,5.818893928400714,0.5555557883668715,208.7378643112396,208.7378643112396,300.00003220630487
336,1,1069.9896301941687,529.1980271301637,-2.4661634599548683,228.34718875986388,-293.21645212952933,32.04037779583122,4.14533830165122,4.14533830165122,2.217793380198616e-08,174.37973934480024,174.37973934480024,142.8571536727933
337,0,1077.601203152831,519.4241453925127,-1.3981508667604943,228.34718875986388,-293.21645212952933,32.04037779583122,5.470785743562319,5.470785743562319,0.15873020571710303,199.37973934480024,199.37973934480024,242.8571536727933
338,0,1085.2127761114932,509.65026365486176,-0.33013827356612024,228.34718875986388,-293.21645212952933,32.04037779583122,7.211521495128528,7.211521495128528,0.7460318418624795,224.37973934480024,224.37973934480024,342.8571536727933
339,0,1092.8243490701554,499.8763819172108,0.7378743196282538,228.34718875986388,-293.21645212952933,32.04037779583122,9.423101111905405,9.423101111905405,1.9841271528362854,249.37973934480024,249.37973934480024,442.8571536727933
340,0,1100.4359220288177,490.1025001795598,1.8058869128226278,228.34718875986388,-293.21645212952933,32.04037779583122,12.161080149448505,12.161080149448505,4.095238360860743,274.3797393448002,274.3797393448002,542.8571536727933
341,1,1103.075503408693,472.7315885145073,4.407160967824275,210.88469228357945,-319.89853841935434,44.03981508696327,5.691313543644588,5.691313543644588,0.01221409726208115,178.62023968017266,178.62023968017266,196.4002617562835
342,1,1108.5534371971187,461.79970659819065,6.056599032080207,205.31147622672378,-320.8633446153618,49.12914669975534,4.0068955611338914,4.0068955611338914,0.11232753190174571,162.13226158348712,162.13226158348712,198.46467628645198
343,1,1113.8702155165147,452.58702822663247,6.721676939974177,199.43781873716608,-315.15959973684676,31.633514482514883,3.2742284495848266,3.2742284495848266,0.29130140442677527,159.42723177914252,159.42723177914252,217.0476366118421
344,1,1118.746286433982,443.46134785399926,6.409344107822471,192.0427443035334,-309.4014932547833,12.297428447213719,2.905665527036556,2.905665527036556,0.3760910091690532,160.29524798065034,160.29524798065034,215.83044688385473
345,1,1122.1097166494346,437.0899642288726,6.13257684070098,178.40671539763224,-291.7078413316954,3.443417213363407,2.7171555149232707,2.7171555149232707,0.27711013899121917,161.62109148402078,161.62109148402078,200.5339939327451
346,0,1128.056607162689,427.36636951781605,6.247357414479761,178.40671539763224,-291.7078413316954,3.443417213363407,3.7097974211179174,3.7097974211179174,0.7381279314613305,186.62109148402078,186.62109148402078,300.5339939327451
347,1,1131.7265433162606,422.9101775939995,5.990504930436248,167.75694833762506,-267.0711539704469,-0.8478428187981404,3.250987037776277,3.250987037776277,0.2517181653126066,171.40417639101196,171.40417639101196,199.97698622380682
348,0,1137.3184415941814,414.0078057949846,5.962243503142976,167.75694833762506,-267.0711539704469,-0.8478428187981404,4.455136859055904,4.455136859055904,0.667688052473856,196.40417639101196,196.40417639101196,299.9769862238068
349,1,1140.0066909874656,412.27947095198465,6.090128738524672,154.6139852284001,-234.5988727810777,1.0165609508811906,3.6243561919794773,3.6243561919794773,0.1958110346387587,171.33970450752213,171.33970450752213,194.20484103321465
350,1,1141.8112062764708,411.01321131487066,6.115062994970925,139.52267496073284,-205.06899244419733,0.8775687281232976,3.1761854651351253,3.1761854651351253,0.17462936245803634,161.1711869732888,161.1711869732888,199.48660125469058
351,1,1145.7166238175128,407.11346350196686,6.100863299534916,136.11821252403575,-191.658825227212,0.17267758009847012,2.914055185394263,2.914055185394263,0.17714863245432053,157.0601442878871,157.0601442878871,194.2455937116771
352,1,1150.300196577382,402.976985785433,6.2840230815366755,136.33417502906397,-181.15363471963963,3.0098150239013686,2.757672904155176,2.757672904155176,0.17481829986162983,155.55364935923816,155.55364935923816,189.4493343749634
353,1,1154.4226559135518,398.7710770254984,6.4986454395240365,134.32347858316933,-172.42240665604737,4.831243175509478,2.665965409727186,2.665965409727186,0.19587760682601832,155.08126424773127,155.08126424773127,194.003985147425
354,1,1158.4686743164355,394.75546313323395,6.930667056924256,132.2311786821801,-164.02373979141163,9.025078717529297,2.6145474070745136,2.6145474070745136,0.22478778962030405,154.90294327328664,154.90294327328664,199.45157945381936
355,1,1161.3017984204032,392.120674082329,7.167921682117128,124.495586436371,-150.1074280579283,8.075822624324097,2.587701358155469,2.587701358155469,0.28465285028960924,154.69884163339856,154.69884163339856,211.70149730002953
356,1,1164.821720994225,388.69013886567274,7.250727693041679,121.3749404904762,-142.31463147886524,5.452057021341492,2.5750548065239847,2.5750548065239847,0.32599039077439823,154.37045566353166,154.37045566353166,217.13865672912925
357,1,1168.2257737418843,385.5449966790596,7.16554563568118,118.1808092912024,-134.35800902866805,1.836783027134579,2.569910077451623,2.569910077451623,0.33643385846634066,153.92830358181507,153.92830358181507,218.6692034067629
358,1,1171.3818006763595,382.4014518973004,7.275892419393911,114.2743448576126,-127.7001197218747,2.4956165108385777,2.568180731647012,2.568180731647012,0.3148172005917678,153.42527123079978,153.42527123079978,216.42109928143827
359,1,1174.1950208892497,379.28028960960575,7.309836528462234,109.30602906453976,-122.03546993068,1.8225994854921108,2.567591367029719,2.567591367029719,0.32298229307358833,152.91919585123458,152.91919585123458,220.44619498318798
360,1,1176.1005046381495,377.1455880889058,7.316149386385169,100.6404563775871,-112.3971829745766,1.079907184559136,2.5670490358955536,2.5670490358955536,0.3279698022122767,152.45512589038756,152.45512589038756,221.01817403772384
361,1,1178.1250032388416,374.076479144856,7.160690144606812,94.01468280187443,-109.02266913041059,-1.5205256062289347,2.566167389532862,2.566167389532862,0.32730119505077204,152.05999715882768,152.05999715882768,220.56283599486792
362,1,1180.1904391642674,371.1513400127404,7.315679556101482,88.69818110448968,-105.49479617309954,1.2725550133204435,2.5649313984008657,2.5649313984008657,0.3000383047235989,151.74410802225808,151.74410802225808,215.6824403102367
363,0,1183.1470452010838,367.6348468069704,7.358098056545496,88.69818110448968,-105.49479617309954,1.2725550133204435,3.584442625212702,3.584442625212702,0.811323363492513,176.74410802225808,176.74410802225808,315.6824403102367
364,1,1184.6332557030369,364.95486596408875,7.663342158430724,81.68103286627768,-101.50271981384257,4.265795628651361,3.201421467886422,3.201421467886422,0.41988432827143995,161.4893598336689,161.4893598336689,222.0199972718279
365,1,1185.5514811986257,363.1715667296146,7.784483893525786,73.20659054515134,-93.98797980859334,4.005526137631948,2.9549505199498114,2.9549505199498114,0.39731295017945206,154.63119209088666,154.63119209088666,232.13214500586503
366,0,1187.991700883464,360.03863406932817,7.918001431446851,73.20659054515134,-93.98797980859334,4.005526137631948,4.051927686520937,4.051927686520937,0.9827159540063386,179.63119209088666,179.63119209088666,332.132145005865
367,0,1190.4319205683025,356.90570140904174,8.051518969367915,73.20659054515134,-93.98797980859334,4.005526137631948,5.520307502182922,5.520307502182922,2.1950792800684806,204.63119209088666,204.63119209088666,432.132145005865
368,0,1192.872140253141,353.7727687487553,8.18503650728898,73.20659054515134,-93.98797980859334,4.005526137631948,7.415645522491321,7.415645522491321,4.2566251505881,229.63119209088666,229.63119209088666,532.132145005865
369,0,1195.3123599379794,350.6398360884689,8.318554045210046,73.20659054515134,-93.98797980859334,4.005526137631948,9.79349730300169,9.79349730300169,7.38957578778742,254.63119209088666,254.63119209088666,632.132145005865
370,0,1197.7525796228178,347.50690342818245,8.452071583131112,73.20659054515134,-93.98797980859334,4.005526137631948,12.709418399269584,12.709418399269584,11.816153413888662,279.63119209088666,279.63119209088666,732.132145005865
371,0,1200.1927993076563,344.373970767896,8.585589121052177,73.20659054515134,-93.98797980859334,4.005526137631948,16.21896436685056,16.21896436685056,17.758580251114047,304.63119209088666,304.63119209088666,832.132145005865
372,0,1202.6330189924947,341.2410381076096,8.719106658973242,73.20659054515134,-93.98797980859334,4.005526137631948,20.377690761300173,20.377690761300173,25.4390785216858,329.63119209088666,329.63119209088666,932.132145005865
373,0,1205.0732386773332,338.10810544732317,8.852624196894308,73.20659054515134,-93.98797980859334,4.005526137631948,25.241153138173978,25.241153138173978,35.07987044782614,354.63119209088666,354.63119209088666,1032.132145005865
374,0,1207.5134583621716,334.97517278703674,8.986141734815373,73.20659054515134,-93.98797980859334,4.005526137631948,30.86490705302753,30.86490705302753,46.90317825175729,379.63119209088666,379.63119209088666,1132.132145005865
375,0,1209.95367804701,331.8422401267503,9.119659272736438,73.20659054515134,-93.98797980859334,4.005526137631948,37.304508061416385,37.304508061416385,61.131224155701474,404.63119209088666,404.63119209088666,1232.132145005865
376,0,1212.3938977318485,328.7093074664639,9.253176810657504,73.20659054515134,-93.98797980859334,4.005526137631948,44.6155117188961,44.6155117188961,77.98623038188092,429.63119209088666,429.63119209088666,1332.132145005865
377,0,1214.834117416687,325.57637480617745,9.386694348578569,73.20659054515134,-93.98797980859334,4.005526137631948,52.853473581022236,52.853473581022236,97.69041915251783,454.63119209088666,454.63119209088666,1432.132145005865
378,0,1217.2743371015254,322.443442145891,9.520211886499634,73.20659054515134,-93.98797980859334,4.005526137631948,62.07394920335034,62.07394920335034,120.46601268983444,479.63119209088666,479.63119209088666,1532.132145005865
379,0,1219.7145567863638,319.3105094856046,9.6537294244207,73.20659054515134,-93.98797980859334,4.005526137631948,72.33249414143597,72.33249414143597,146.53523321605297,504.63119209088666,504.63119209088666,1632.132145005865
380,0,1222.1547764712022,316.17757682531817,9.787246962341765,73.20659054515134,-93.98797980859334,4.005526137631948,83.68466395083468,83.68466395083468,176.12030295339565,529.6311920908867,529.6311920908867,1732.132145005865
381,0,1224.5949961560407,313.04464416503174,9.92076450026283,73.20659054515134,-93.98797980859334,4.005526137631948,96.18601418710202,96.18601418710202,209.4434441240847,554.6311920908867,554.6311920908867,1832.132145005865
382,0,1227.0352158408791,309.9117115047453,10.054282038183896,73.20659054515134,-93.98797980859334,4.005526137631948,109.89210040579356,109.89210040579356,246.72687895034232,579.6311920908867,579.6311920908867,1932.132145005865
383,0,1229.4754355257176,306.7787788444589,10.187799576104961,73.20659054515134,-93.98797980859334,4.005526137631948,124.85847816246483,124.85847816246483,288.1928296543907,604.6311920908867,604.6311920908867,2032.132145005865
384,0,1231.915655210556,303.64584618417246,10.321317114026026,73.20659054515134,-93.98797980859334,4.005526137631948,141.14070301267142,141.14070301267142,334.06351845845217,629.6311920908867,629.6311920908867,2132.132145005865
385,0,1234.3558748953944,300.512913523886,10.454834651947092,73.20659054515134,-93.98797980859334,4.005526137631948,158.79433051196887,158.79433051196887,384.5611675847489,654.6311920908867,654.6311920908867,2232.132145005865
386,0,1236.7960945802329,297.3799808635996,10.588352189868157,73.20659054515134,-93.98797980859334,4.005526137631948,177.87491621591272,177.87491621591272,439.9079992555031,679.6311920908867,679.6311920908867,2332.132145005865
387,0,1239.2363142650713,294.24704820331317,10.721869727789223,73.20659054515134,-93.98797980859334,4.005526137631948,198.43801568005856,198.43801568005856,500.32623569293696,704.6311920908867,704.6311920908867,2432.132145005865
388,0,1241.6765339499098,291.11411554302674,10.855387265710288,73.20659054515134,-93.98797980859334,4.005526137631948,220.53918445996192,220.53918445996192,566.0380991192727,729.6311920908867,729.6311920908867,2532.132145005865
389,0,1244.1167536347482,287.9811828827403,10.988904803631353,73.20659054515134,-93.98797980859334,4.005526137631948,244.23397811117835,244.23397811117835,637.2658117567327,754.6311920908867,754.6311920908867,2632.132145005865
390,0,1246.5569733195866,284.8482502224539,11.122422341552419,73.20659054515134,-93.98797980859334,4.005526137631948,269.57795218926344,269.57795218926344,714.231595827539,779.6311920908867,779.6311920908867,2732.132145005865
391,0,1248.997193004425,281.71531756216746,11.255939879473484,73.20659054515134,-93.98797980859334,4.005526137631948,296.6266622497727,296.6266622497727,797.1576735539138,804.6311920908867,804.6311920908867,2832.132145005865
392,0,1251.4374126892635,278.582384901881,11.38945741739455,73.20659054515134,-93.98797980859334,4.005526137631948,325.43566384826175,325.43566384826175,886.2662671580795,829.6311920908867,829.6311920908867,2932.132145005865
393,0,1253.877632374102,275.4494522415946,11.522974955315615,73.20659054515134,-93.98797980859334,4.005526137631948,356.0605125402861,356.0605125402861,981.7795988622582,854.6311920908867,854.6311920908867,3032.132145005865
394,0,1256.3178520589404,272.31651958130817,11.65649249323668,73.20659054515134,-93.98797980859334,4.005526137631948,388.55676388140125,388.55676388140125,1083.9198908886724,879.6311920908867,879.6311920908867,3132.132145005865
395,0,1258.7580717437788,269.18358692102174,11.790010031157745,73.20659054515134,-93.98797980859334,4.005526137631948,422.9799734271628,422.9799734271628,1192.909365459544,904.6311920908867,904.6311920908867,3232.132145005865
396,0,1261.1982914286173,266.0506542607353,11.92352756907881,73.20659054515134,-93.98797980859334,4.005526137631948,459.3856967331264,459.3856967331264,1308.9702447970951,929.6311920908867,929.6311920908867,3332.132145005865
397,0,1263.6385111134557,262.9177216004489,12.057045106999876,73.20659054515134,-93.98797980859334,4.005526137631948,497.8294893548475,497.8294893548475,1432.3247511235481,954.6311920908867,954.6311920908867,3432.132145005865
398,0,1266.0787307982941,259.78478894016246,12.190562644920941,73.20659054515134,-93.98797980859334,4.005526137631948,538.3669068478818,538.3669068478818,1563.1951066611255,979.6311920908867,979.6311920908867,3532.132145005865
399,0,1268.5189504831326,256.65185627987603,12.324080182842007,73.20659054515134,-93.98797980859334,4.005526137631948,581.0535047677846,581.0535047677846,1701.803533632049,1004.6311920908867,1004.6311920908867,3632.132145005865
400,0,1270.959170167971,253.51892361958957,12.457597720763072,73.20659054515134,-93.98797980859334,4.005526137631948,625.9448386701116,625.9448386701116,1848.3722542585413,1029.6311920908865,1029.6311920908865,3732.132145005865
401,0,1273.3993898528095,250.38599095930311,12.591115258684138,73.20659054515134,-93.98797980859334,4.005526137631948,673.0964641104183,673.0964641104183,2003.123490762824,1054.6311920908865,1054.6311920908865,3832.132145005865
402,0,1275.839609537648,247.25305829901666,12.724632796605203,73.20659054515134,-93.98797980859334,4.005526137631948,722.5639366442604,722.5639366442604,2166.27946536712,1079.6311920908865,1079.6311920908865,3932.132145005865
403,0,1278.2798292224863,244.1201256387302,12.858150334526268,73.20659054515134,-93.98797980859334,4.005526137631948,774.4028118271932,774.4028118271932,2338.062400293651,1104.6311920908865,1104.6311920908865,4032.132145005865
404,0,1280.7200489073248,240.98719297844374,12.991667872447334,73.20659054515134,-93.98797980859334,4.005526137631948,828.6686452147725,828.6686452147725,2518.69451776464,1129.6311920908865,1129.6311920908865,4132.132145005865
405,0,1283.1602685921632,237.8542603181573,13.125185410368399,73.20659054515134,-93.98797980859334,4.005526137631948,885.4169923625537,885.4169923625537,2708.3980400023083,1154.6311920908865,1154.6311920908865,4232.132145005865
406,0,1285.6004882770017,234.72132765787083,13.258702948289464,73.20659054515134,-93.98797980859334,4.005526137631948,944.7034088260925,944.7034088260925,2907.3951892288787,1179.6311920908865,1179.6311920908865,4332.132145005865
407,0,1288.04070796184,231.58839499758437,13.39222048621053,73.20659054515134,-93.98797980859334,4.005526137631948,1006.5834501609444,1006.5834501609444,3115.908187666573,1204.6311920908865,1204.6311920908865,4432.132145005865
408,0,1290.4809276466785,228.45546233729792,13.525738024131595,73.20659054515134,-93.98797980859334,4.005526137631948,1071.112671922665,1071.112671922665,3334.159257537614,1229.6311920908865,1229.6311920908865,4532.132145005865
409,0,1292.921147331517,225.32252967701146,13.65925556205266,73.20659054515134,-93.98797980859334,4.005526137631948,1138.3466296668098,1138.3466296668098,3562.370621064223,1254.6311920908865,1254.6311920908865,4632.132145005865
410,0,1295.3613670163554,222.189597016725,13.792773099973726,73.20659054515134,-93.98797980859334,4.005526137631948,1208.3408789489345,1208.3408789489345,3800.7645004686233,1279.6311920908865,1279.6311920908865,4732.132145005865
